key,0,1,2,3,4,5,6,7,8,9,10,11,12,13,14,15
#,,,,,,,,,,,,,,,,
int32,str,str,str,str,str,byte,uint16,byte,uint32,int32,uint32,uint32,byte,byte,byte,byte
0,"","","","","",0,158,0,0,0,0,0,0,0,0,0
1,"Preparation for Base Camp Alpha Expansion
<UIForeground>F2023B</UIForeground><UIGlow>F2023C</UIGlow>Complete stellar missions.<UIGlow>01</UIGlow><UIForeground>01</UIForeground>","Preparation for Base Camp Alpha Expansion","We are presently gathering materials to expand the Moongate Hub. Complete stellar missions to assist in our efforts!","The time is come! We are presently gathering materials to expand the Moongate Hub!","Searchingway",0,158,1,241001,0,0,0,0,0,2,3
2,"Groundwork for Base Camp Alpha Expansion
<UIForeground>F2023B</UIForeground><UIGlow>F2023C</UIGlow>Prepare for upcoming projects.<UIGlow>01</UIGlow><UIForeground>01</UIForeground>","Groundwork for Base Camp Alpha Expansion","Projects are currently being scheduled for the Moongate Hub's expansion. Stand by for upcoming opportunities!","Projects are currently being scheduled for the Moongate Hub's expansion. We hope you will join our efforts!","Searchingway",0,158,2,241001,1451,0,0,0,0,2,3
3,"Base Camp Alpha Expansion Underway
<UIForeground>F2023B</UIForeground><UIGlow>F2023C</UIGlow>Participate in ongoing projects.<UIGlow>01</UIGlow><UIForeground>01</UIForeground>","Base Camp Alpha Expansion Underway","We have commenced expansion of the Moongate Hub. Hop over and help us out!","The expansion of the Moongate Hub is now underway! Come and lend a paw!","Searchingway",0,158,3,241001,0,0,0,0,0,2,3
4,"Base Camp Beta Complete
<UIForeground>F2023B</UIForeground><UIGlow>F2023C</UIGlow>Explore at your leisure until the next project.<UIGlow>01</UIGlow><UIForeground>01</UIForeground>","Base Camp Beta Complete","Thanks to the efforts of all, the Moongate Hub now boasts a few helpful upgrades. Feel free to explore while we prepare for future projects!","The Moongate Hub now boasts a few helpful upgrades. We thank you all for your cooperation!","Searchingway",1,158,4,241002,1406,18,0,5,0,2,3
5,"Preparation for Cosmoliner Alpha Construction
<UIForeground>F2023B</UIForeground><UIGlow>F2023C</UIGlow>Complete stellar missions.<UIGlow>01</UIGlow><UIForeground>01</UIForeground>","Preparation for Cosmoliner Alpha Construction","We are presently gathering materials for a Cosmoliner circuit. Complete stellar missions to assist in our efforts!","Why travel on foot when we can build a Cosmoliner circuit here at the hub? To that end, we are presently gathering materials!","Searchingway",1,158,5,241003,0,0,0,0,0,2,3
6,"Groundwork for Cosmoliner Alpha Construction
<UIForeground>F2023B</UIForeground><UIGlow>F2023C</UIGlow>Prepare for upcoming projects.<UIGlow>01</UIGlow><UIForeground>01</UIForeground>","Groundwork for Cosmoliner Alpha Construction","Projects are currently being scheduled for the Cosmoliner's construction. Stand by for upcoming opportunities!","Projects are currently being scheduled for the Cosmoliner's construction. We hope you will join our efforts!","Searchingway",1,158,6,241003,1451,0,0,0,0,2,3
7,"Cosmoliner Alpha Construction Underway
<UIForeground>F2023B</UIForeground><UIGlow>F2023C</UIGlow>Participate in ongoing projects.<UIGlow>01</UIGlow><UIForeground>01</UIForeground>","Cosmoliner Alpha Construction Underway","We have commenced construction of the Cosmoliner. Hop over and help us out!","The construction of the Cosmoliner is now underway! Come and lend a paw!","Searchingway",1,158,7,241003,0,0,0,0,0,2,3
8,"Cosmoliner Central Radius Complete
<UIForeground>F2023B</UIForeground><UIGlow>F2023C</UIGlow>Explore at your leisure until the next project.<UIGlow>01</UIGlow><UIForeground>01</UIForeground>","Cosmoliner Central Radius Complete","Thanks to the efforts of all, the Cosmoliner has been constructed. Feel free to explore while we prepare for future projects!","Now that the Cosmoliner is complete, sore feet will soon be a thing of the past. We thank you all for your cooperation!","Searchingway",2,158,8,241004,1405,18,1,5,0,2,3
9,"Preparation for Habitation Module & Cosmoport Construction
<UIForeground>F2023B</UIForeground><UIGlow>F2023C</UIGlow>Complete stellar missions.<UIGlow>01</UIGlow><UIForeground>01</UIForeground>","Preparation for Habitation Module & Cosmoport Construction","We are presently gathering materials for a habitation module and a cosmoport. Complete stellar missions to assist in our efforts!","A proper hub needs a habitation module and a cosmoport for starships. To that end, we are presently gathering materials!","Searchingway",2,158,9,241005,0,0,0,0,0,2,3
10,"Groundwork for Habitation Module Construction
<UIForeground>F2023B</UIForeground><UIGlow>F2023C</UIGlow>Prepare for upcoming projects.<UIGlow>01</UIGlow><UIForeground>01</UIForeground>","Groundwork for Habitation Module Construction","Projects are currently being scheduled for the habitation module's construction. Stand by for upcoming opportunities!","Projects are currently being scheduled for the habitation module's construction. We hope you will join our efforts!","Searchingway",2,158,10,241005,1451,0,0,0,0,2,3
11,"Habitation Module Construction Underway
<UIForeground>F2023B</UIForeground><UIGlow>F2023C</UIGlow>Participate in ongoing projects.<UIGlow>01</UIGlow><UIForeground>01</UIForeground>","Habitation Module Construction Underway","We have commenced construction of the habitation module. Hop over and help us out!","The construction of the habitation module is now underway! Come and lend a paw!","Searchingway",2,158,11,241005,0,0,0,0,0,2,3
12,"Preparation for Cosmoport Alpha Maintenance
<UIForeground>F2023B</UIForeground><UIGlow>F2023C</UIGlow>Prepare for upcoming projects.<UIGlow>01</UIGlow><UIForeground>01</UIForeground>","Preparation for Cosmoport Alpha Maintenance","Projects are currently being scheduled for the cosmoport's construction and maintenance. Stand by for upcoming opportunities!","Projects are currently being scheduled for the cosmoport's construction. We hope you will join our efforts!","Searchingway",3,158,12,241006,1401,18,2,5,0,2,3
13,"Cosmoport Alpha Maintenance Underway
<UIForeground>F2023B</UIForeground><UIGlow>F2023C</UIGlow>Participate in ongoing projects.<UIGlow>01</UIGlow><UIForeground>01</UIForeground>","Cosmoport Alpha Maintenance Underway","We have commenced construction and maintenance of the cosmoport. Hop over and help us out!","The construction of the cosmoport is now underway! Come and lend a paw!","Searchingway",3,158,12,241006,0,0,0,0,0,2,3
14,"Habitation Module & Cosmoport Complete
<UIForeground>F2023B</UIForeground><UIGlow>F2023C</UIGlow>Explore at your leisure until the next project.<UIGlow>01</UIGlow><UIForeground>01</UIForeground>","Habitation Module & Cosmoport Complete","Thanks to the efforts of all, the habitation module and cosmoport have been completed. Feel free to explore while we prepare for future projects!","The habitation module and cosmoport are both ready for occupants. We thank you all for your cooperation!","Searchingway",4,158,13,241007,1401,18,3,5,0,2,3
15,"Preparation for Mech Hangar Alpha Expansion
<UIForeground>F2023B</UIForeground><UIGlow>F2023C</UIGlow>Complete stellar missions.<UIGlow>01</UIGlow><UIForeground>01</UIForeground>","Preparation for Mech Hangar Alpha Expansion","We are presently gathering materials for upgrades to our mech hangar. Complete stellar missions to assist in our efforts!","Reportedly, the mech hangar is due for an upgrade. To that end, we are presently gathering materials!","Searchingway",4,158,14,241008,0,0,0,0,0,2,3
16,"Groundwork for Mech Hangar Alpha Expansion
<UIForeground>F2023B</UIForeground><UIGlow>F2023C</UIGlow>Prepare for upcoming projects.<UIGlow>01</UIGlow><UIForeground>01</UIForeground>","Groundwork for Mech Hangar Alpha Expansion","Projects are currently being scheduled for the mech hangar's renovation. Stand by for upcoming opportunities!","Projects are currently being scheduled for the mech hangar's renovation. We hope you will join our efforts!","Searchingway",4,158,15,241008,1451,0,0,0,0,2,3
17,"Mech Hangar Alpha Expansion Underway
<UIForeground>F2023B</UIForeground><UIGlow>F2023C</UIGlow>Participate in ongoing projects.<UIGlow>01</UIGlow><UIForeground>01</UIForeground>","Mech Hangar Alpha Expansion Underway","We have commenced the mech hangar's renovation. Hop over and help us out!","The renovation of the mech hangar is now underway! Come and lend a paw!","Searchingway",4,158,16,241008,0,0,0,0,0,2,3
18,"Mech Hangar Beta Complete
<UIForeground>F2023B</UIForeground><UIGlow>F2023C</UIGlow>Explore at your leisure until the next project.<UIGlow>01</UIGlow><UIForeground>01</UIForeground>","Mech Hangar Beta Complete","Thanks to the efforts of all, the mech hangar has received a much-needed upgrade. Feel free to explore while we prepare for future projects!","The mech hangar has now received a much-needed upgrade. We thank you all for your cooperation!","Searchingway",5,158,17,241009,1402,18,4,5,0,2,3
19,"Preparation for Cosmoliner Beta Construction
<UIForeground>F2023B</UIForeground><UIGlow>F2023C</UIGlow>Complete stellar missions.<UIGlow>01</UIGlow><UIForeground>01</UIForeground>","Preparation for Cosmoliner Beta Construction","We are presently gathering materials for a northwestern extension to the Cosmoliner. Complete stellar missions to assist in our efforts!","It's time we extended the Cosmoliner into the northwest. To that end, we are presently gathering materials!","Searchingway",5,158,18,241010,0,0,0,0,0,2,3
20,"Cosmoliner Beta Construction Underway
<UIForeground>F2023B</UIForeground><UIGlow>F2023C</UIGlow>Await the Cosmoliner's completion.<UIGlow>01</UIGlow><UIForeground>01</UIForeground>","Cosmoliner Beta Construction Underway","The Cosmoliner is under construction. Please wait until the northwestern extension is complete!","The northwestern extension of the Cosmoliner is now underway! Please wait patiently until we can confirm its functionality and safety.","Searchingway",5,158,18,241010,1452,0,0,0,0,2,3
21,"Cosmoliner Northwestern Radius Complete
<UIForeground>F2023B</UIForeground><UIGlow>F2023C</UIGlow>Explore at your leisure until the next project.<UIGlow>01</UIGlow><UIForeground>01</UIForeground>","Cosmoliner Northwestern Radius Complete","The Cosmoliner's northwestern extension has been completed. Feel free to explore while we prepare for future projects!","Calabash Cove is now just a short hop away! We thank you all for your cooperation!","Searchingway",6,158,19,241011,1407,18,5,5,0,2,3
22,"Preparation for Cosmoliner Gamma Construction
<UIForeground>F2023B</UIForeground><UIGlow>F2023C</UIGlow>Complete stellar missions.<UIGlow>01</UIGlow><UIForeground>01</UIForeground>","Preparation for Cosmoliner Gamma Construction","We are presently gathering materials for a southeastern extension to the Cosmoliner. Complete stellar missions to assist in our efforts!","Next, we'll extend the Cosmoliner into the southeast. To that end, we are presently gathering materials!","Searchingway",6,158,20,241012,0,0,0,0,0,2,3
23,"Cosmoliner Gamma Construction Underway
<UIForeground>F2023B</UIForeground><UIGlow>F2023C</UIGlow>Await the Cosmoliner's completion.<UIGlow>01</UIGlow><UIForeground>01</UIForeground>","Cosmoliner Gamma Construction Underway","The Cosmoliner is under construction. Please wait until the southeastern extension is complete!","The southeastern extension of the Cosmoliner is now underway! Please wait patiently until we can confirm its functionality and safety.","Searchingway",6,158,20,241012,1452,0,0,0,0,2,3
24,"Cosmoliner Southeastern Radius Complete
<UIForeground>F2023B</UIForeground><UIGlow>F2023C</UIGlow>Explore at your leisure until the next project.<UIGlow>01</UIGlow><UIForeground>01</UIForeground>","Cosmoliner Southeastern Radius Complete","The Cosmoliner's southeastern extension has been completed. Feel free to explore while we prepare for future projects!","The Cosmoliner now stretches as far as Weddingway's Bower! We thank you all for your cooperation!","Searchingway",7,158,21,241013,1409,18,6,5,0,2,3
25,"Preparation for Tunnel Excavation
<UIForeground>F2023B</UIForeground><UIGlow>F2023C</UIGlow>Complete stellar missions.<UIGlow>01</UIGlow><UIForeground>01</UIForeground>","Preparation for Tunnel Excavation","We are presently gathering materials for a tunnel through the Gleamslope. Complete stellar missions to assist in our efforts!","For various reasons, we've decided to carve a tunnel into Gleamslope. To that end, we are presently gathering materials!","Searchingway",7,158,22,241014,0,0,0,0,0,2,3
26,"Groundwork for Tunnel Project Alpha
<UIForeground>F2023B</UIForeground><UIGlow>F2023C</UIGlow>Prepare for upcoming projects.<UIGlow>01</UIGlow><UIForeground>01</UIForeground>","Groundwork for Tunnel Project Alpha","Projects are currently being scheduled for the preliminary stage of tunnel excavation. Stand by for upcoming opportunities!","Projects are currently being scheduled for the preliminary stage of tunnel excavation. We hope you will join our efforts!","Searchingway",7,158,23,241014,1451,0,0,0,0,2,3
27,"Tunnel Project Alpha Underway
<UIForeground>F2023B</UIForeground><UIGlow>F2023C</UIGlow>Participate in ongoing projects.<UIGlow>01</UIGlow><UIForeground>01</UIForeground>","Tunnel Project Alpha Underway","We have commenced the preliminary stage of tunnel excavation. Hop over and help us out!","The preliminary stage of tunnel excavation is now underway! Come and lend a paw!","Searchingway",7,158,24,241014,0,0,0,0,0,2,3
28,"Groundwork for Tunnel Project Beta
<UIForeground>F2023B</UIForeground><UIGlow>F2023C</UIGlow>Prepare for upcoming projects.<UIGlow>01</UIGlow><UIForeground>01</UIForeground>","Groundwork for Tunnel Project Beta","Projects are currently being scheduled for the final stage of tunnel excavation. Stand by for upcoming opportunities!","Projects are currently being scheduled for the final stage of tunnel excavation. We hope you will join our efforts!","Searchingway",8,158,25,241015,1401,18,7,5,0,2,3
29,"Tunnel Project Beta Underway
<UIForeground>F2023B</UIForeground><UIGlow>F2023C</UIGlow>Participate in ongoing projects.<UIGlow>01</UIGlow><UIForeground>01</UIForeground>","Tunnel Project Beta Underway","We have commenced the final stage of tunnel excavation. Hop over and help us out!","The final stage of tunnel excavation is now underway! Come and lend a paw!","Searchingway",8,158,25,241015,0,0,0,0,0,2,3
30,"Piercingway Tunnel Complete
<UIForeground>F2023B</UIForeground><UIGlow>F2023C</UIGlow>Explore at your leisure until the next project.<UIGlow>01</UIGlow><UIForeground>01</UIForeground>","Piercingway Tunnel Complete","Thanks to the efforts of all, the Piercingway Tunnel has been completed. Feel free to explore while we prepare for future projects!","At last, we can get a good look inside Gleamslope! We thank you all for your cooperation!","Searchingway",9,158,26,241016,1408,18,8,5,0,2,3
31,"Preparation for Cosmoliner Delta Construction
<UIForeground>F2023B</UIForeground><UIGlow>F2023C</UIGlow>Complete stellar missions.<UIGlow>01</UIGlow><UIForeground>01</UIForeground>","Preparation for Cosmoliner Delta Construction","We are presently gathering materials for a Cosmoliner extension through the Piercingway Tunnel. Complete stellar missions to assist in our efforts!","Let's extend the Cosmoliner into our brand new Piercingway Tunnel. Presently gathering materials for construction!","Searchingway",9,158,27,241017,0,0,0,0,0,2,3
32,"Cosmoliner Delta Construction Underway
<UIForeground>F2023B</UIForeground><UIGlow>F2023C</UIGlow>Await the Cosmoliner's completion.<UIGlow>01</UIGlow><UIForeground>01</UIForeground>","Cosmoliner Delta Construction Underway","The Cosmoliner is under construction. Please wait until the southwestern extension is complete!","The southwestern extension of the Cosmoliner is now underway! Please wait patiently until we can confirm its functionality and safety.","Searchingway",9,158,27,241017,1452,0,0,0,0,2,3
33,"Cosmoliner Southwestern Radius Complete
<UIForeground>F2023B</UIForeground><UIGlow>F2023C</UIGlow>Explore at your leisure until the next project.<UIGlow>01</UIGlow><UIForeground>01</UIForeground>","Cosmoliner Southwestern Radius Complete","The Cosmoliner's southwestern extension has been completed. Feel free to explore while we prepare for future projects!","With this Cosmoliner extension, exploring Gleamslope is easier than ever. We thank you all for your cooperation!","Searchingway",10,158,28,241018,1412,18,9,5,0,2,3
34,"Preparation for Base Camp Beta Expansion
<UIForeground>F2023B</UIForeground><UIGlow>F2023C</UIGlow>Complete stellar missions.<UIGlow>01</UIGlow><UIForeground>01</UIForeground>","Preparation for Base Camp Beta Expansion","We are presently gathering materials to expand the Moongate Hub. Complete stellar missions to assist in our efforts!","The Moongate Hub could stand to be a sight bigger, don't you think? Presently gathering materials for another expansion!","Searchingway",10,158,29,241019,0,0,0,0,0,2,3
35,"Groundwork for Base Camp Beta Expansion
<UIForeground>F2023B</UIForeground><UIGlow>F2023C</UIGlow>Prepare for upcoming projects.<UIGlow>01</UIGlow><UIForeground>01</UIForeground>","Groundwork for Base Camp Beta Expansion","Projects are currently being scheduled for the Moongate Hub's expansion. Stand by for upcoming opportunities!","Projects are currently being scheduled for the Moongate Hub's expansion. We hope you will join our efforts!","Searchingway",10,158,30,241019,1451,0,0,0,0,2,3
36,"Base Camp Beta Expansion Underway
<UIForeground>F2023B</UIForeground><UIGlow>F2023C</UIGlow>Participate in ongoing projects.<UIGlow>01</UIGlow><UIForeground>01</UIForeground>","Base Camp Beta Expansion Underway","We have commenced expansion of the Moongate Hub. Hop over and help us out!","The expansion of the Moongate Hub is now underway! Come and lend a paw!","Searchingway",10,158,31,241019,0,0,0,0,0,2,3
37,"Base Camp Gamma Complete
<UIForeground>F2023B</UIForeground><UIGlow>F2023C</UIGlow>Explore at your leisure until the next project.<UIGlow>01</UIGlow><UIForeground>01</UIForeground>","Base Camp Gamma Complete","Thanks to the efforts of all, the Moongate Hub is officially bigger and better than ever. Feel free to explore while we prepare for future projects!","The Moongate Hub is officially bigger and better than ever. We thank you all for your cooperation!","Searchingway",11,158,32,241020,1410,18,10,5,1,2,3
38,"Preparation for Energization & Hydrofication Stations
<UIForeground>F2023B</UIForeground><UIGlow>F2023C</UIGlow>Complete stellar missions.<UIGlow>01</UIGlow><UIForeground>01</UIForeground>","Preparation for Energization & Hydrofication Stations","We are presently gathering materials for energization and hydrofication stations. Complete stellar missions to assist in our efforts!","What the hub needs now is proper infrastructure: to wit, energization and hydrofication stations. Presently gathering materials for construction!","Searchingway",11,158,33,241021,0,0,0,0,1,2,3
39,"Groundwork for Energization Expansion
<UIForeground>F2023B</UIForeground><UIGlow>F2023C</UIGlow>Prepare for upcoming projects.<UIGlow>01</UIGlow><UIForeground>01</UIForeground>","Groundwork for Energization Expansion","Projects are currently being scheduled for the energization station's construction. Stand by for upcoming opportunities!","Projects are currently being scheduled for the energization station's construction. We hope you will join our efforts!","Searchingway",11,158,34,241021,1451,0,0,0,1,2,3
40,"Energization Expansion Underway
<UIForeground>F2023B</UIForeground><UIGlow>F2023C</UIGlow>Participate in ongoing projects.<UIGlow>01</UIGlow><UIForeground>01</UIForeground>","Energization Expansion Underway","We have commenced construction of the energization station. Hop over and help us out!","The construction of the energization station is now underway! Come and lend a paw!","Searchingway",11,158,35,241021,0,0,0,0,1,2,3
41,"Groundwork for Hydrofication Expansion
<UIForeground>F2023B</UIForeground><UIGlow>F2023C</UIGlow>Prepare for upcoming projects.<UIGlow>01</UIGlow><UIForeground>01</UIForeground>","Groundwork for Hydrofication Expansion","Projects are currently being scheduled for the hydrofication station's construction. Stand by for upcoming opportunities!","Projects are currently being scheduled for the hydrofication station's construction. We hope you will join our efforts!","Searchingway",12,158,36,241022,1401,18,11,5,1,2,3
42,"Hydrofication Expansion Underway
<UIForeground>F2023B</UIForeground><UIGlow>F2023C</UIGlow>Participate in ongoing projects.<UIGlow>01</UIGlow><UIForeground>01</UIForeground>","Hydrofication Expansion Underway","We have commenced construction of the hydrofication station. Hop over and help us out!","The construction of the hydrofication station is now underway! Come and lend a paw!","Searchingway",12,158,36,241022,0,0,0,0,1,2,3
43,"Energization & Hydrofication Stations Complete
<UIForeground>F2023B</UIForeground><UIGlow>F2023C</UIGlow>Explore at your leisure until the next project.<UIGlow>01</UIGlow><UIForeground>01</UIForeground>","Energization & Hydrofication Stations Complete","Thanks to the efforts of all, the energization and hydrofication stations have been completed. Feel free to explore while we prepare for future projects!","With power and water at our command, the Moongate Hub is now entirely self-sufficient! We thank you all for your cooperation!","Searchingway",13,158,37,241023,1401,18,12,5,1,2,3
44,"Preparation for Mech Hangar Beta Expansion & Cosmoport Beta Maintenance
<UIForeground>F2023B</UIForeground><UIGlow>F2023C</UIGlow>Complete stellar missions.<UIGlow>01</UIGlow><UIForeground>01</UIForeground>","Preparation for Mech Hangar Beta Expansion & Cosmoport Beta Maintenance","We are presently gathering materials for upgrades to the mech hangar and cosmoport. Complete stellar missions to assist in our efforts!","As of late, the mech hangar and cosmoport are in desperate need of upgrades. To that end, we are presently gathering materials!","Searchingway",13,158,38,241024,0,0,0,0,1,2,3
45,"Groundwork for Mech Hangar Beta Expansion
<UIForeground>F2023B</UIForeground><UIGlow>F2023C</UIGlow>Prepare for upcoming projects.<UIGlow>01</UIGlow><UIForeground>01</UIForeground>","Groundwork for Mech Hangar Beta Expansion","Projects are currently being scheduled for the mech hangar's renovation. Stand by for upcoming opportunities!","Projects are currently being scheduled for the mech hangar's renovation. We hope you will join our efforts!","Searchingway",13,158,39,241024,1451,0,0,0,1,2,3
46,"Mech Hangar Beta Expansion Underway
<UIForeground>F2023B</UIForeground><UIGlow>F2023C</UIGlow>Participate in ongoing projects.<UIGlow>01</UIGlow><UIForeground>01</UIForeground>","Mech Hangar Beta Expansion Underway","We have commenced renovation of the mech hangar. Hop over and help us out!","The renovation of the mech hangar is now underway! Come and lend a paw!","Searchingway",13,158,40,241024,0,0,0,0,1,2,3
47,"Groundwork for Cosmoport Beta Maintenance
<UIForeground>F2023B</UIForeground><UIGlow>F2023C</UIGlow>Prepare for upcoming projects.<UIGlow>01</UIGlow><UIForeground>01</UIForeground>","Groundwork for Cosmoport Beta Maintenance","Projects are currently being scheduled for the cosmoport's renovation. Stand by for upcoming opportunities!","Projects are currently being scheduled for the cosmoport's renovation. We hope you will join our efforts!","Searchingway",14,158,41,241025,1402,18,13,5,1,2,3
48,"Cosmoport Beta Maintenance Underway
<UIForeground>F2023B</UIForeground><UIGlow>F2023C</UIGlow>Participate in ongoing projects.<UIGlow>01</UIGlow><UIForeground>01</UIForeground>","Cosmoport Beta Maintenance Underway","We have commenced renovation of the cosmoport. Hop over and help us out!","The renovation of the cosmoport is now underway! Come and lend a paw!","Searchingway",14,158,41,241025,0,0,0,0,1,2,3
49,"Mech Hangar Gamma & Cosmoport Beta Complete
<UIForeground>F2023B</UIForeground><UIGlow>F2023C</UIGlow>Explore at your leisure until the next project.<UIGlow>01</UIGlow><UIForeground>01</UIForeground>","Mech Hangar Gamma & Cosmoport Beta Complete","Thanks to the efforts of all, both the mech hangar and cosmoport have been outfitted with state-of-the-art upgrades. Feel free to explore while we prepare for future projects!","Both the mech hangar and cosmoport have been outfitted with state-of-the-art upgrades. We thank you all for your cooperation!","Searchingway",15,158,42,241026,1402,18,14,5,1,2,3
50,"Preparation for Lift Construction
<UIForeground>F2023B</UIForeground><UIGlow>F2023C</UIGlow>Complete stellar missions.<UIGlow>01</UIGlow><UIForeground>01</UIForeground>","Preparation for Lift Construction","We are presently gathering materials for a lift in the lunar nadir. Complete stellar missions to assist in our efforts!","Without a lift, we've no means of exploring the lunar nadir─so we'll simply have to build one! Presently gathering materials for construction!","Searchingway",15,158,43,241027,0,0,0,0,1,2,3
51,"Groundwork for Nadir Lift Site Preparation
<UIForeground>F2023B</UIForeground><UIGlow>F2023C</UIGlow>Prepare for upcoming projects.<UIGlow>01</UIGlow><UIForeground>01</UIForeground>","Groundwork for Nadir Lift Site Preparation","Projects are currently being scheduled for the preliminary stage of nadir lift construction. Stand by for upcoming opportunities!","Projects are currently being scheduled for the preliminary stage of nadir lift construction. We hope you will join our efforts!","Searchingway",15,158,44,241027,1451,0,0,0,1,2,3
52,"Nadir Lift Site Preparation Underway
<UIForeground>F2023B</UIForeground><UIGlow>F2023C</UIGlow>Participate in ongoing projects.<UIGlow>01</UIGlow><UIForeground>01</UIForeground>","Nadir Lift Site Preparation Underway","We have commenced preliminary construction of the nadir lift. Hop over and help us out!","The preliminary construction of the nadir lift is now underway! Come and lend a paw!","Searchingway",15,158,45,241027,0,0,0,0,1,2,3
53,"Groundwork for Nadir Lift Beta Site Preparation
<UIForeground>F2023B</UIForeground><UIGlow>F2023C</UIGlow>Prepare for upcoming projects.<UIGlow>01</UIGlow><UIForeground>01</UIForeground>","Groundwork for Nadir Lift Beta Site Preparation","Projects are currently being scheduled for the final stage of nadir lift construction. Stand by for upcoming opportunities!","Projects are currently being scheduled for the final stage of nadir lift construction. We hope you will join our efforts!","Searchingway",16,158,46,241028,1401,18,15,5,1,2,3
54,"Nadir Lift Beta Site Preparation Underway
<UIForeground>F2023B</UIForeground><UIGlow>F2023C</UIGlow>Participate in ongoing projects.<UIGlow>01</UIGlow><UIForeground>01</UIForeground>","Nadir Lift Beta Site Preparation Underway","We have commenced final construction of the nadir lift. Hop over and help us out!","The final stage of nadir lift construction is now underway! Come and lend a paw!","Searchingway",16,158,46,241028,0,0,0,0,1,2,3
55,"Nadir Lift Complete
<UIForeground>F2023B</UIForeground><UIGlow>F2023C</UIGlow>Explore at your leisure until the next project.<UIGlow>01</UIGlow><UIForeground>01</UIForeground>","Nadir Lift Complete","Thanks to the efforts of all, the nadir lift has been completed. Feel free to explore while we prepare for future projects!","At last, we'll discover what lurks within the lunar nadir! We thank you all for your cooperation!","Searchingway",17,158,47,241029,1411,18,16,5,1,2,3
56,"Preparation for Cosmoliner Epsilon Construction
<UIForeground>F2023B</UIForeground><UIGlow>F2023C</UIGlow>Complete stellar missions.<UIGlow>01</UIGlow><UIForeground>01</UIForeground>","Preparation for Cosmoliner Epsilon Construction","We are presently gathering materials for a Cosmoliner extension into the lunar nadir. Complete stellar missions to assist in our efforts!","The Cosmoliner could do with one last extension: into the lunar nadir! Presently gathering materials for construction!","Searchingway",17,158,48,241030,0,0,0,0,1,2,3
57,"Cosmoliner Epsilon Construction Underway
<UIForeground>F2023B</UIForeground><UIGlow>F2023C</UIGlow>Await the Cosmoliner's completion.<UIGlow>01</UIGlow><UIForeground>01</UIForeground>","Cosmoliner Epsilon Construction Underway","The Cosmoliner is under construction. Please wait until the subterranean extension is complete!","The subterranean extension of the Cosmoliner is now underway! Please wait patiently until we can confirm its functionality and safety.","Searchingway",17,158,48,241030,1452,0,0,0,1,2,3
58,"Cosmoliner Subterranean Radius Complete
<UIForeground>F2023B</UIForeground><UIGlow>F2023C</UIGlow>Explore at your leisure until the next project.<UIGlow>01</UIGlow><UIForeground>01</UIForeground>","Cosmoliner Subterranean Radius Complete","The Cosmoliner has been extended across the entirety of Sinus Ardorum. Feel free to explore while we prepare for future projects!","With the Cosmoliner now fully extended, we can travel freely to every last corner of Sinus Ardorum! We thank you all for your cooperation!","Searchingway",18,158,49,241031,1404,18,17,5,1,2,3
59,"Preparation for Base Camp Facility Expansion
<UIForeground>F2023B</UIForeground><UIGlow>F2023C</UIGlow>Complete stellar missions.<UIGlow>01</UIGlow><UIForeground>01</UIForeground>","Preparation for Base Camp Facility Expansion","We are presently gathering materials to expand the Moongate Hub. Complete stellar missions to assist in our efforts!","Seeing as we now have the population of a small village, it's time our hub looked the part! Presently gathering materials for a truly stellar expansion!","Searchingway",18,158,50,241032,0,0,0,0,1,2,3
60,"Groundwork for Base Camp Facility Expansion
<UIForeground>F2023B</UIForeground><UIGlow>F2023C</UIGlow>Prepare for upcoming projects.<UIGlow>01</UIGlow><UIForeground>01</UIForeground>","Groundwork for Base Camp Facility Expansion","Projects are currently being scheduled for the Moongate Hub's final expansion. Stand by for upcoming opportunities!","Projects are currently being scheduled for the Moongate Hub's final expansion. We hope you will join our efforts!","Searchingway",18,158,51,241032,1451,0,0,0,1,2,3
61,"Base Camp Facility Expansion Underway
<UIForeground>F2023B</UIForeground><UIGlow>F2023C</UIGlow>Participate in ongoing projects.<UIGlow>01</UIGlow><UIForeground>01</UIForeground>","Base Camp Facility Expansion Underway","We have commenced the final expansion of the Moongate Hub. Hop over and help us out!","The final expansion of the Moongate Hub is now underway! Come and lend a paw!","Searchingway",18,158,52,241032,0,0,0,0,1,2,3
62,"Lunar Hopopolis Complete
<UIForeground>F2023B</UIForeground><UIGlow>F2023C</UIGlow>Prepare for future exploration.<UIGlow>01</UIGlow><UIForeground>01</UIForeground>","Lunar Hopopolis Complete","Thanks to the efforts of all, the Lunar Hopopolis has been completed. Feel free to explore while we prepare for future endeavors!","I present to you our interstellar port town: Lunar Hopopolis, home of the cosmic explorers! We thank you all for your cooperation!","Searchingway",19,158,53,241033,1403,18,18,5,1,2,3
63,"Lunar Development Initiative Complete
<UIForeground>F2023B</UIForeground><UIGlow>F2023C</UIGlow>Prepare for future exploration.<UIGlow>01</UIGlow><UIForeground>01</UIForeground>","Lunar Development Initiative Complete","Owing to myriad contributions by artisans like you, we have achieved every last objective outlined for Sinus Ardorum. Enjoy a well-earned rest, and stay alert for future updates!","Owing to myriad contributions by artisans like you, we have achieved every last objective outlined for Sinus Ardorum. You've made my dream come true!","Searchingway",19,158,54,241034,0,0,0,0,1,2,3
64,"Preparation for Beacon Camp Alpha Expansion
<UIForeground>F2023B</UIForeground><UIGlow>F2023C</UIGlow>Complete stellar missions.<UIGlow>01</UIGlow><UIForeground>01</UIForeground>","Preparation for Beacon Camp Alpha Expansion","We are presently gathering materials to expand Glassblowers' Beacon. Complete stellar missions to assist in our efforts!","The time is come to expand Glassblowers' Beacon! We ask that contributors procure the necessary materials.","Searchingway",0,168,1,241035,0,0,0,0,2,3,4
65,"Groundwork for Beacon Camp Alpha Expansion
<UIForeground>F2023B</UIForeground><UIGlow>F2023C</UIGlow>Prepare for upcoming projects.<UIGlow>01</UIGlow><UIForeground>01</UIForeground>","Groundwork for Beacon Camp Alpha Expansion","Projects are currently being scheduled for the expansion of Glassblowers' Beacon. Stand by for upcoming opportunities!","Work on Glassblowers' Beacon will commence shortly. We appreciate your patience!","Searchingway",0,168,1,241035,1451,0,0,0,2,3,4
66,"Beacon Camp Alpha Expansion Underway
<UIForeground>F2023B</UIForeground><UIGlow>F2023C</UIGlow>Participate in ongoing projects.<UIGlow>01</UIGlow><UIForeground>01</UIForeground>","Beacon Camp Alpha Expansion Underway","We have commenced expansion of Glassblowers' Beacon. Hop over and help us out!","Come and join us at Glassblowers' Beacon, where we are expanding our cozy camp into something remarkable!","Searchingway",0,168,2,241035,0,0,0,0,2,3,4
67,"Beacon Camp Beta Complete
<UIForeground>F2023B</UIForeground><UIGlow>F2023C</UIGlow>Explore at your leisure until the next project.<UIGlow>01</UIGlow><UIForeground>01</UIForeground>","Beacon Camp Beta Complete","Thanks to the efforts of all, Glassblowers' Beacon now boasts significant upgrades. Feel free to explore while we prepare for future projects!","Glassblowers' Beacon has been successfully expanded! Well done, everyone!","Searchingway",1,168,3,241036,1478,126,0,5,2,3,4
68,"Preparation for Cosmoliner Alpha Construction
<UIForeground>F2023B</UIForeground><UIGlow>F2023C</UIGlow>Complete stellar missions.<UIGlow>01</UIGlow><UIForeground>01</UIForeground>","Preparation for Cosmoliner Alpha Construction","We are presently gathering materials for a Cosmoliner circuit. Complete stellar missions to assist in our efforts!","Phaenna needs its own Cosmoliner! We ask that contributors procure the necessary materials.","Searchingway",1,168,4,241037,0,0,0,0,2,3,4
69,"Groundwork for Cosmoliner Alpha Construction
<UIForeground>F2023B</UIForeground><UIGlow>F2023C</UIGlow>Prepare for upcoming projects.<UIGlow>01</UIGlow><UIForeground>01</UIForeground>","Groundwork for Cosmoliner Alpha Construction","Projects are currently being scheduled for the Cosmoliner's construction. Stand by for upcoming opportunities!","Work on the Cosmoliner will commence shortly. We appreciate your patience!","Searchingway",1,168,4,241037,1451,0,0,0,2,3,4
70,"Cosmoliner Alpha Construction Underway
<UIForeground>F2023B</UIForeground><UIGlow>F2023C</UIGlow>Participate in ongoing projects.<UIGlow>01</UIGlow><UIForeground>01</UIForeground>","Cosmoliner Alpha Construction Underway","We have commenced construction of the Cosmoliner. Hop over and help us out!","Come and help us construct the main circuit of Phaenna's Cosmoliner!","Searchingway",1,168,4,241037,0,0,0,0,2,3,4
71,"Cosmoliner Beaconveil Filigree Complete
<UIForeground>F2023B</UIForeground><UIGlow>F2023C</UIGlow>Explore at your leisure until the next project.<UIGlow>01</UIGlow><UIForeground>01</UIForeground>","Cosmoliner Beaconveil Filigree Complete","Thanks to the efforts of all, Phaenna now has its own Cosmoliner. Feel free to explore while we prepare for future projects!","Tired of endless jogging? Try riding the Cosmoliner today!","Searchingway",2,168,5,241038,1479,126,1,5,2,3,4
72,"Preparation for Habitation Module Construction
<UIForeground>F2023B</UIForeground><UIGlow>F2023C</UIGlow>Complete stellar missions.<UIGlow>01</UIGlow><UIForeground>01</UIForeground>","Preparation for Habitation Module Construction","We are presently gathering materials for a habitation module. Complete stellar missions to assist in our efforts!","A habitation module is in high demand. We ask that contributors procure the necessary materials.","Searchingway",2,168,6,241039,0,0,0,0,2,3,4
73,"Groundwork for Habitation Module Construction
<UIForeground>F2023B</UIForeground><UIGlow>F2023C</UIGlow>Prepare for upcoming projects.<UIGlow>01</UIGlow><UIForeground>01</UIForeground>","Groundwork for Habitation Module Construction","Projects are currently being scheduled for the construction of a habitation module. Stand by for upcoming opportunities!","Work on the habitation module will commence shortly. We appreciate your patience!","Searchingway",2,168,6,241039,1451,0,0,0,2,3,4
74,"Habitation Module Construction Underway
<UIForeground>F2023B</UIForeground><UIGlow>F2023C</UIGlow>Participate in ongoing projects.<UIGlow>01</UIGlow><UIForeground>01</UIForeground>","Habitation Module Construction Underway","We have commenced construction of a habitation module. Hop over and help us out!","Come and help us construct a habitation module fit for all our hardworking personnel!","Searchingway",2,168,6,241039,0,0,0,0,2,3,4
75,"Habitation Module Complete
<UIForeground>F2023B</UIForeground><UIGlow>F2023C</UIGlow>Explore at your leisure until the next project.<UIGlow>01</UIGlow><UIForeground>01</UIForeground>","Habitation Module Complete","Thanks to the efforts of all, a habitation module has been completed. Feel free to explore while we prepare for future projects!","With our habitation module ready for occupants, now is the time to nap! ...Or explore.","Searchingway",3,168,7,241040,1402,126,2,5,2,3,4
76,"Preparation for Essential Stations
<UIForeground>F2023B</UIForeground><UIGlow>F2023C</UIGlow>Complete stellar missions.<UIGlow>01</UIGlow><UIForeground>01</UIForeground>","Preparation for Essential Stations","We are presently gathering materials for energization and hydrofication stations. Complete stellar missions to assist in our efforts!","We need energization and hydrofication stations to manage our essential resources. We ask that contributors procure the necessary materials.","Searchingway",3,168,8,241041,0,0,0,0,2,3,4
77,"Groundwork for Energization Expansion
<UIForeground>F2023B</UIForeground><UIGlow>F2023C</UIGlow>Prepare for upcoming projects.<UIGlow>01</UIGlow><UIForeground>01</UIForeground>","Groundwork for Energization Expansion","Projects are currently being scheduled for the energization station's construction. Stand by for upcoming opportunities!","Work on the energization station will commence shortly. We appreciate your patience!","Searchingway",3,168,8,241041,1451,0,0,0,2,3,4
78,"Energization Expansion Underway
<UIForeground>F2023B</UIForeground><UIGlow>F2023C</UIGlow>Participate in ongoing projects.<UIGlow>01</UIGlow><UIForeground>01</UIForeground>","Energization Expansion Underway","We have commenced construction of the energization station. Hop over and help us out!","Come and help us construct an energization station teeming with power!","Searchingway",3,168,8,241041,0,0,0,0,2,3,4
79,"Groundwork for Hydrofication Expansion
<UIForeground>F2023B</UIForeground><UIGlow>F2023C</UIGlow>Prepare for upcoming projects.<UIGlow>01</UIGlow><UIForeground>01</UIForeground>","Groundwork for Hydrofication Expansion","Projects are currently being scheduled for the hydrofication station's construction. Stand by for upcoming opportunities!","Work on the hydrofication station will commence shortly. We appreciate your patience!","Searchingway",4,168,9,241042,1401,126,3,5,2,3,4
80,"Hydrofication Expansion Underway
<UIForeground>F2023B</UIForeground><UIGlow>F2023C</UIGlow>Participate in ongoing projects.<UIGlow>01</UIGlow><UIForeground>01</UIForeground>","Hydrofication Expansion Underway","We have commenced construction of the hydrofication station. Hop over and help us out!","Come and help us construct an abundant hydrofication station!","Searchingway",4,168,9,241042,0,0,0,0,2,3,4
81,"Energization & Hydrofication Stations Complete
<UIForeground>F2023B</UIForeground><UIGlow>F2023C</UIGlow>Explore at your leisure until the next project.<UIGlow>01</UIGlow><UIForeground>01</UIForeground>","Energization & Hydrofication Stations Complete","Thanks to the efforts of all, the energization and hydrofication stations have been completed. Feel free to explore while we prepare for future projects!","Charge your exotablets, replenish your flasks, and be at ease─our energization and hydrofication stations are complete!","Searchingway",5,168,10,241043,1402,126,4,5,2,3,4
82,"Preparation for Mech Hangar Alpha Expansion
<UIForeground>F2023B</UIForeground><UIGlow>F2023C</UIGlow>Complete stellar missions.<UIGlow>01</UIGlow><UIForeground>01</UIForeground>","Preparation for Mech Hangar Alpha Expansion","We are presently gathering materials for upgrades to the mech hangar. Complete stellar missions to assist in our efforts!","Our mechs deserve an upgraded hangar! We ask that contributors procure the necessary materials.","Searchingway",5,168,11,241044,0,0,0,0,2,3,4
83,"Groundwork for Mech Hangar Alpha Expansion
<UIForeground>F2023B</UIForeground><UIGlow>F2023C</UIGlow>Prepare for upcoming projects.<UIGlow>01</UIGlow><UIForeground>01</UIForeground>","Groundwork for Mech Hangar Alpha Expansion","Projects are currently being scheduled for the mech hangar's renovation. Stand by for upcoming opportunities!","Work on the mech hangar will commence shortly. We appreciate your patience!","Searchingway",5,168,11,241044,1451,0,0,0,2,3,4
84,"Mech Hangar Alpha Expansion Underway
<UIForeground>F2023B</UIForeground><UIGlow>F2023C</UIGlow>Participate in ongoing projects.<UIGlow>01</UIGlow><UIForeground>01</UIForeground>","Mech Hangar Alpha Expansion Underway","We have commenced renovation of the mech hangar. Hop over and help us out!","Come and help us upgrade our mech hangar and pamper our precious machinery!","Searchingway",5,168,11,241044,0,0,0,0,2,3,4
85,"Mech Hangar Beta Complete
<UIForeground>F2023B</UIForeground><UIGlow>F2023C</UIGlow>Explore at your leisure until the next project.<UIGlow>01</UIGlow><UIForeground>01</UIForeground>","Mech Hangar Beta Complete","Thanks to the efforts of all, the mech hangar has been outfitted with helpful upgrades. Feel free to explore while we prepare for future projects!","Have you ever seen a mech smile? Stop by our upgraded hangar, and you might!","Searchingway",6,168,12,241045,1402,126,5,5,2,3,4
86,"Preparation for Cosmoliner Beta Construction
<UIForeground>F2023B</UIForeground><UIGlow>F2023C</UIGlow>Complete stellar missions.<UIGlow>01</UIGlow><UIForeground>01</UIForeground>","Preparation for Cosmoliner Beta Construction","We are presently gathering materials for a lengthy extension to the Cosmoliner. Complete stellar missions to assist in our efforts!","Let's extend the Cosmoliner from the northwest to the south! We ask that contributors procure the necessary materials.","Searchingway",6,168,13,241046,0,0,0,0,2,3,4
87,"Cosmoliner Beta Construction Underway
<UIForeground>F2023B</UIForeground><UIGlow>F2023C</UIGlow>Await the Cosmoliner's completion.<UIGlow>01</UIGlow><UIForeground>01</UIForeground>","Cosmoliner Beta Construction Underway","The Cosmoliner is under construction. Please wait until the extension is complete!","The Cosmoliner is currently being extended from the northwest to the south. We appreciate your patience!","Searchingway",6,168,13,241046,1452,0,0,0,2,3,4
88,"Cosmoliner Floatshore Filigree Complete
<UIForeground>F2023B</UIForeground><UIGlow>F2023C</UIGlow>Explore at your leisure until the next project.<UIGlow>01</UIGlow><UIForeground>01</UIForeground>","Cosmoliner Floatshore Filigree Complete","The Cosmoliner now extends from the northwest to the south. Feel free to explore while we prepare for future projects!","Ride the Floatshore Filigree to travel from northwestern to southern Phaenna!","Searchingway",7,168,14,241047,1480,126,6,5,2,3,4
89,"Preparation for Crane Construction
<UIForeground>F2023B</UIForeground><UIGlow>F2023C</UIGlow>Complete stellar missions.<UIGlow>01</UIGlow><UIForeground>01</UIForeground>","Preparation for Crane Construction","We are presently gathering materials for crane construction in Capsule Chasm. Complete stellar missions to assist in our efforts!","Time to construct a crane in Capsule Chasm! We ask that contributors procure the necessary materials.","Searchingway",7,168,15,241048,0,0,0,0,2,3,4
90,"Groundwork for Upper Crane Construction
<UIForeground>F2023B</UIForeground><UIGlow>F2023C</UIGlow>Prepare for upcoming projects.<UIGlow>01</UIGlow><UIForeground>01</UIForeground>","Groundwork for Upper Crane Construction","Projects are currently being scheduled for the first phase of crane construction. Stand by for upcoming opportunities!","Work on the Capsule Chasm crane will commence shortly. We appreciate your patience!","Searchingway",7,168,15,241048,1451,0,0,0,2,3,4
91,"Upper Crane Construction Underway
<UIForeground>F2023B</UIForeground><UIGlow>F2023C</UIGlow>Participate in ongoing projects.<UIGlow>01</UIGlow><UIForeground>01</UIForeground>","Upper Crane Construction Underway","We have commenced upper crane construction in Capsule Chasm. Hop over and help us out!","Come and help us construct the upper segments of Capsule Chasm's magnificent crane!","Searchingway",7,168,15,241048,0,0,0,0,2,3,4
92,"Groundwork for Lower Crane Construction
<UIForeground>F2023B</UIForeground><UIGlow>F2023C</UIGlow>Prepare for upcoming projects.<UIGlow>01</UIGlow><UIForeground>01</UIForeground>","Groundwork for Lower Crane Construction","Projects are currently being scheduled for the second phase of crane construction. Stand by for upcoming opportunities!","Work on the Capsule Chasm crane will commence shortly. We appreciate your patience!","Searchingway",8,168,16,241049,1401,126,7,5,2,3,4
93,"Lower Crane Construction Underway
<UIForeground>F2023B</UIForeground><UIGlow>F2023C</UIGlow>Participate in ongoing projects.<UIGlow>01</UIGlow><UIForeground>01</UIForeground>","Lower Crane Construction Underway","We have commenced lower crane construction in Capsule Chasm. Hop over and help us out!","Come and help us construct the lower segments of Capsule Chasm's magnificent crane!","Searchingway",8,168,16,241049,0,0,0,0,2,3,4
94,"Appliqué Crane Complete
<UIForeground>F2023B</UIForeground><UIGlow>F2023C</UIGlow>Explore at your leisure until the next project.<UIGlow>01</UIGlow><UIForeground>01</UIForeground>","Appliqué Crane Complete","Thanks to the efforts of all, the Appliqué Crane has been completed. Feel free to explore while we prepare for future projects!","Make use of our new Appliqué Crane, and explore the depths of Capsule Chasm!","Searchingway",9,168,17,241050,1481,126,8,5,2,3,4
95,"Preparation for Cosmoliner Gamma Construction
<UIForeground>F2023B</UIForeground><UIGlow>F2023C</UIGlow>Complete stellar missions.<UIGlow>01</UIGlow><UIForeground>01</UIForeground>","Preparation for Cosmoliner Gamma Construction","We are presently gathering materials for a Cosmoliner extension into Capsule Chasm. Complete stellar missions to assist in our efforts!","Let's extend the Cosmoliner into Capsule Chasm! We ask that contributors procure the necessary materials.","Searchingway",9,168,18,241051,0,0,0,0,2,3,4
96,"Cosmoliner Gamma Construction Underway
<UIForeground>F2023B</UIForeground><UIGlow>F2023C</UIGlow>Await the Cosmoliner's completion.<UIGlow>01</UIGlow><UIForeground>01</UIForeground>","Cosmoliner Gamma Construction Underway","The Cosmoliner is under construction. Please wait until the Capsule Chasm extension is complete!","The Cosmoliner is currently being extended into Capsule Chasm. We appreciate your patience!","Searchingway",9,168,18,241051,1452,0,0,0,2,3,4
97,"Cosmoliner Chasmwind Filigree Complete
<UIForeground>F2023B</UIForeground><UIGlow>F2023C</UIGlow>Explore at your leisure until the next project.<UIGlow>01</UIGlow><UIForeground>01</UIForeground>","Cosmoliner Chasmwind Filigree Complete","The Cosmoliner's extension into Capsule Chasm has been completed. Feel free to explore while we prepare for future projects!","Travel to Capsule Chasm with ease by way of the Chasmwind Filigree!","Searchingway",10,168,19,241052,1482,126,9,5,2,3,4
98,"Preparation for Beacon Camp Beta Expansion
<UIForeground>F2023B</UIForeground><UIGlow>F2023C</UIGlow>Complete stellar missions.<UIGlow>01</UIGlow><UIForeground>01</UIForeground>","Preparation for Beacon Camp Beta Expansion","We are presently gathering materials to expand Glassblowers' Beacon. Complete stellar missions to assist in our efforts!","The time is come to expand Glassblowers' Beacon! We ask that contributors procure the necessary materials.","Searchingway",10,168,20,241053,0,0,0,0,2,3,4
99,"Groundwork for Beacon Camp Beta Expansion
<UIForeground>F2023B</UIForeground><UIGlow>F2023C</UIGlow>Prepare for upcoming projects.<UIGlow>01</UIGlow><UIForeground>01</UIForeground>","Groundwork for Beacon Camp Beta Expansion","Projects are currently being scheduled for Glassblowers' Beacon. Stand by for upcoming opportunities!","Work on Glassblowers' Beacon will commence shortly. We appreciate your patience!","Searchingway",10,168,20,241053,1451,0,0,0,2,3,4
100,"Beacon Camp Beta Expansion Underway
<UIForeground>F2023B</UIForeground><UIGlow>F2023C</UIGlow>Participate in ongoing projects.<UIGlow>01</UIGlow><UIForeground>01</UIForeground>","Beacon Camp Beta Expansion Underway","We have commenced expansion of Glassblowers' Beacon. Hop over and help us out!","Come and join us at Glassblowers' Beacon, where we are renovating our remarkable camp into something incredible!","Searchingway",10,168,20,241053,0,0,0,0,2,3,4
101,"Beacon Camp Gamma Complete
<UIForeground>F2023B</UIForeground><UIGlow>F2023C</UIGlow>Explore at your leisure until the next project.<UIGlow>01</UIGlow><UIForeground>01</UIForeground>","Beacon Camp Gamma Complete","Thanks to the efforts of all, Glassblowers' Beacon is officially bigger and better than ever. Feel free to explore while we prepare for future projects!","The facilities at Glassblowers' Beacon are more convenient than ever! Enjoy exploring in absolute comfort!","Searchingway",11,168,21,241054,1483,126,10,5,1,3,4
102,"Preparation for Mech Hangar Beta Expansion
<UIForeground>F2023B</UIForeground><UIGlow>F2023C</UIGlow>Complete stellar missions.<UIGlow>01</UIGlow><UIForeground>01</UIForeground>","Preparation for Mech Hangar Beta Expansion","We are presently gathering materials for upgrades to the mech hangar. Complete stellar missions to assist in our efforts!","Our mech hangar could do with an upgrade. We ask that contributors procure the necessary materials.","Searchingway",11,168,22,241055,0,0,0,0,1,3,4
103,"Groundwork for Mech Hangar Beta Expansion
<UIForeground>F2023B</UIForeground><UIGlow>F2023C</UIGlow>Prepare for upcoming projects.<UIGlow>01</UIGlow><UIForeground>01</UIForeground>","Groundwork for Mech Hangar Beta Expansion","Projects are currently being scheduled for the mech hangar's renovation. Stand by for upcoming opportunities!","Work on the mech hangar will commence shortly. We appreciate your patience!","Searchingway",11,168,22,241055,1451,0,0,0,1,3,4
104,"Mech Hangar Beta Expansion Underway
<UIForeground>F2023B</UIForeground><UIGlow>F2023C</UIGlow>Participate in ongoing projects.<UIGlow>01</UIGlow><UIForeground>01</UIForeground>","Mech Hangar Beta Expansion Underway","We have commenced renovation of the mech hangar. Hop over and help us out!","Help us upgrade the hangar for our hardworking mechs!","Searchingway",11,168,22,241055,0,0,0,0,1,3,4
105,"Mech Hangar Gamma Complete
<UIForeground>F2023B</UIForeground><UIGlow>F2023C</UIGlow>Explore at your leisure until the next project.<UIGlow>01</UIGlow><UIForeground>01</UIForeground>","Mech Hangar Gamma Complete","Thanks to the efforts of all, the mech hangar has been outfitted with sophisticated upgrades. Feel free to explore while we prepare for future projects!","Be sure to stop by the upgraded hangar and give our mechanical comrades a pat or a polish!","Searchingway",12,168,23,241056,1402,126,11,5,1,3,4
106,"Preparation for Cosmoport Maintenance
<UIForeground>F2023B</UIForeground><UIGlow>F2023C</UIGlow>Complete stellar missions.<UIGlow>01</UIGlow><UIForeground>01</UIForeground>","Preparation for Cosmoport Maintenance","We are presently gathering materials for upgrades to the cosmoport. Complete stellar missions to assist in our efforts!","If we hope to reach distant stars, we need to upgrade the cosmoport. We ask that contributors procure the necessary materials.","Searchingway",12,168,24,241057,0,0,0,0,1,3,4
107,"Groundwork for Cosmoport Maintenance
<UIForeground>F2023B</UIForeground><UIGlow>F2023C</UIGlow>Prepare for upcoming projects.<UIGlow>01</UIGlow><UIForeground>01</UIForeground>","Groundwork for Cosmoport Maintenance","Projects are currently being scheduled for the cosmoport's renovation. Stand by for upcoming opportunities!","Work on the cosmoport upgrades will commence shortly. We appreciate your patience!","Searchingway",12,168,24,241057,1451,0,0,0,1,3,4
108,"Cosmoport Maintenance Underway
<UIForeground>F2023B</UIForeground><UIGlow>F2023C</UIGlow>Participate in ongoing projects.<UIGlow>01</UIGlow><UIForeground>01</UIForeground>","Cosmoport Maintenance Underway","We have commenced renovation of the cosmoport. Hop over and help us out!","Come and help us upgrade our cosmoport to facilitate interstellar travel!","Searchingway",12,168,24,241057,0,0,0,0,1,3,4
109,"Cosmoport Beta Complete
<UIForeground>F2023B</UIForeground><UIGlow>F2023C</UIGlow>Explore at your leisure until the next project.<UIGlow>01</UIGlow><UIForeground>01</UIForeground>","Cosmoport Beta Complete","Thanks to the efforts of all, the cosmoport has been outfitted with sophisticated upgrades. Feel free to explore while we prepare for future projects!","Our upgraded cosmoport will open the heavens to new stars and new opportunities!","Searchingway",13,168,25,241058,1402,126,12,5,1,3,4
110,"Preparation for Power Procurement
<UIForeground>F2023B</UIForeground><UIGlow>F2023C</UIGlow>Complete stellar missions.<UIGlow>01</UIGlow><UIForeground>01</UIForeground>","Preparation for Power Procurement","We are presently gathering materials for megapower panels. Complete stellar missions to assist in our efforts!","Time to prepare a megapower panel on Phaenna! We ask that contributors procure the necessary materials.","Searchingway",13,168,26,241059,0,0,0,0,1,3,4
111,"Groundwork for Power Procurement
<UIForeground>F2023B</UIForeground><UIGlow>F2023C</UIGlow>Prepare for upcoming projects.<UIGlow>01</UIGlow><UIForeground>01</UIForeground>","Groundwork for Power Procurement","Projects are currently being scheduled for megapower panel construction. Stand by for upcoming opportunities!","Work on the megapower panel will commence shortly. We appreciate your patience!","Searchingway",13,168,26,241059,1451,0,0,0,1,3,4
112,"Power Procurement Underway
<UIForeground>F2023B</UIForeground><UIGlow>F2023C</UIGlow>Participate in ongoing projects.<UIGlow>01</UIGlow><UIForeground>01</UIForeground>","Power Procurement Underway","We have commenced construction of a megapower panel. Hop over and help us out!","Come and help us construct a mighty megapower panel capable of mustering massive amounts of power!","Searchingway",13,168,26,241059,0,0,0,0,1,3,4
113,"Groundwork for Additional Power Procurement
<UIForeground>F2023B</UIForeground><UIGlow>F2023C</UIGlow>Prepare for upcoming projects.<UIGlow>01</UIGlow><UIForeground>01</UIForeground>","Groundwork for Additional Power Procurement","Projects are currently being scheduled for additional megapower panel construction. Stand by for upcoming opportunities!","Work on another megapower panel will commence shortly. We appreciate your patience!","Searchingway",14,168,27,241060,1401,126,13,5,1,3,4
114,"Additional Power Procurement Underway
<UIForeground>F2023B</UIForeground><UIGlow>F2023C</UIGlow>Participate in ongoing projects.<UIGlow>01</UIGlow><UIForeground>01</UIForeground>","Additional Power Procurement Underway","We have commenced construction of another megapower panel. Hop over and help us out!","Come and help us construct another mighty megapower panel capable of mustering even more massive amounts of power!","Searchingway",14,168,27,241060,0,0,0,0,1,3,4
115,"Megapower Panels Complete
<UIForeground>F2023B</UIForeground><UIGlow>F2023C</UIGlow>Explore at your leisure until the next project.<UIGlow>01</UIGlow><UIForeground>01</UIForeground>","Megapower Panels Complete","Thanks to the efforts of all, two megapower panels have been completed. Feel free to explore while we prepare for future projects!","Our megapower panels keep our initiative fully charged! Let's keep going and going. And going!","Searchingway",15,168,28,241061,1402,126,14,5,1,3,4
116,"Preparation for Mobilization Station Construction
<UIForeground>F2023B</UIForeground><UIGlow>F2023C</UIGlow>Complete stellar missions.<UIGlow>01</UIGlow><UIForeground>01</UIForeground>","Preparation for Mobilization Station Construction","We are presently gathering materials for a mobilization station. Complete stellar missions to assist in our efforts!","We need to build a drone hangar for a special operation. We ask that contributors procure the necessary materials.","Searchingway",15,168,29,241062,0,0,0,0,1,3,4
117,"Groundwork for Mobilization Station Construction
<UIForeground>F2023B</UIForeground><UIGlow>F2023C</UIGlow>Prepare for upcoming projects.<UIGlow>01</UIGlow><UIForeground>01</UIForeground>","Groundwork for Mobilization Station Construction","Projects are currently being scheduled for mobilization station construction. Stand by for upcoming opportunities!","Work on the mobilization station near Fusingway Vent will commence shortly. We appreciate your patience!","Searchingway",15,168,29,241062,1451,0,0,0,1,3,4
118,"Mobilization Station Construction Underway
<UIForeground>F2023B</UIForeground><UIGlow>F2023C</UIGlow>Participate in ongoing projects.<UIGlow>01</UIGlow><UIForeground>01</UIForeground>","Mobilization Station Construction Underway","We have commenced construction of a mobilization station. Hop over and help us out!","Come and help us construct a mobilization station for coolant-carrying drones!","Searchingway",15,168,29,241062,0,0,0,0,1,3,4
119,"Groundwork for Chilling-a-Way: Phase One
<UIForeground>F2023B</UIForeground><UIGlow>F2023C</UIGlow>Prepare for upcoming projects.<UIGlow>01</UIGlow><UIForeground>01</UIForeground>","Groundwork for Chilling-a-Way: Phase One","Projects are currently being scheduled for the first phase of Operation Chilling-a-Way. Stand by for upcoming opportunities!","Phase one of Operation Chilling-a-Way will commence shortly. We appreciate your patience!","Searchingway",16,168,30,241063,1401,126,15,5,1,3,4
120,"Operation Chilling-a-Way: Phase One Underway
<UIForeground>F2023B</UIForeground><UIGlow>F2023C</UIGlow>Participate in ongoing projects.<UIGlow>01</UIGlow><UIForeground>01</UIForeground>","Operation Chilling-a-Way: Phase One Underway","We have commenced the first phase of Operation Chilling-a-Way. Hop over and help us out!","Come and help us cool molten glass in Fusingway Vent!","Searchingway",16,168,30,241063,0,0,0,0,1,3,4
121,"Groundwork for Chilling-a-Way: Phase Two
<UIForeground>F2023B</UIForeground><UIGlow>F2023C</UIGlow>Prepare for upcoming projects.<UIGlow>01</UIGlow><UIForeground>01</UIForeground>","Groundwork for Chilling-a-Way: Phase Two","Projects are currently being scheduled for the second phase of Operation Chilling-a-Way. Stand by for upcoming opportunities!","Phase two of Operation Chilling-a-Way will commence shortly. We appreciate your patience!","Searchingway",17,168,31,241064,1401,126,16,5,1,3,4
122,"Operation Chilling-a-Way: Phase Two Underway
<UIForeground>F2023B</UIForeground><UIGlow>F2023C</UIGlow>Participate in ongoing projects.<UIGlow>01</UIGlow><UIForeground>01</UIForeground>","Operation Chilling-a-Way: Phase Two Underway","We have commenced the second phase of Operation Chilling-a-Way. Hop over and help us out!","Come and help us cool molten glass in Fusingway Vent!","Searchingway",17,168,31,241064,0,0,0,0,1,3,4
123,"Operation Chilling-a-Way Complete
<UIForeground>F2023B</UIForeground><UIGlow>F2023C</UIGlow>Explore at your leisure until the next project.<UIGlow>01</UIGlow><UIForeground>01</UIForeground>","Operation Chilling-a-Way Complete","Thanks to the efforts of all, Fusingway Vent is now accessible. Feel free to explore while we prepare for future projects!","The volatile terrain of Fusingway Vent is now cool enough to traverse!","Searchingway",18,168,32,241065,1484,126,17,5,1,3,4
124,"Preparation for Cosmoliner Delta Construction
<UIForeground>F2023B</UIForeground><UIGlow>F2023C</UIGlow>Complete stellar missions.<UIGlow>01</UIGlow><UIForeground>01</UIForeground>","Preparation for Cosmoliner Delta Construction","We are presently gathering materials for a Cosmoliner extension into Fusingway Vent. Complete stellar missions to assist in our efforts!","Let's extend the Cosmoliner into Fusingway Vent! We ask that contributors procure the necessary materials.","Searchingway",18,168,33,241066,0,0,0,0,1,3,4
125,"Cosmoliner Delta Construction Underway
<UIForeground>F2023B</UIForeground><UIGlow>F2023C</UIGlow>Await the Cosmoliner's completion.<UIGlow>01</UIGlow><UIForeground>01</UIForeground>","Cosmoliner Delta Construction Underway","The Cosmoliner is under construction. Please wait until the Fusingway Vent extension is complete!","The Cosmoliner is currently being extended into Fusingway Vent. We appreciate your patience!","Searchingway",18,168,33,241066,1452,0,0,0,1,3,4
126,"Cosmoliner Ventpipe Filigree Complete
<UIForeground>F2023B</UIForeground><UIGlow>F2023C</UIGlow>Explore at your leisure until the next project.<UIGlow>01</UIGlow><UIForeground>01</UIForeground>","Cosmoliner Ventpipe Filigree Complete","The Cosmoliner's extension into Fusingway Vent has been completed. Feel free to explore while we prepare for future projects!","The Cosmoliner can now carry you across the entirety of Phaenna! Enjoy hurtling to your heart's content!","Searchingway",19,168,34,241067,1485,126,18,5,1,3,4
127,"Preparation for Beacon Camp Facility Expansion
<UIForeground>F2023B</UIForeground><UIGlow>F2023C</UIGlow>Complete stellar missions.<UIGlow>01</UIGlow><UIForeground>01</UIForeground>","Preparation for Beacon Camp Facility Expansion","We are presently gathering materials to improve Glassblowers' Beacon. Complete stellar missions to assist in our efforts!","The time is come to improve upon Glassblowers' Beacon! We ask that contributors procure the necessary materials.","Searchingway",19,168,35,241068,0,0,0,0,1,3,4
128,"Groundwork for Beacon Camp Facility Expansion
<UIForeground>F2023B</UIForeground><UIGlow>F2023C</UIGlow>Prepare for upcoming projects.<UIGlow>01</UIGlow><UIForeground>01</UIForeground>","Groundwork for Beacon Camp Facility Expansion","Projects are currently being scheduled for improvements to Glassblowers' Beacon. Stand by for upcoming opportunities!","Work on Glassblowers' Beacon will commence shortly. We appreciate your patience!","Searchingway",19,168,35,241068,1451,0,0,0,1,3,4
129,"Beacon Camp Facility Expansion Underway
<UIForeground>F2023B</UIForeground><UIGlow>F2023C</UIGlow>Participate in ongoing projects.<UIGlow>01</UIGlow><UIForeground>01</UIForeground>","Beacon Camp Facility Expansion Underway","We have commenced construction of a telescope in Glassblowers' Beacon. Hop over and help us out!","Come and join us at Glassblowers' Beacon, where we are installing an incredible telescope!","Searchingway",19,168,35,241068,0,0,0,0,1,3,4
130,"Phaenna Stellascope Complete
<UIForeground>F2023B</UIForeground><UIGlow>F2023C</UIGlow>Prepare for future exploration.<UIGlow>01</UIGlow><UIForeground>01</UIForeground>","Phaenna Stellascope Complete","Thanks to the efforts of all, the Phaenna Stellascope has been completed. Feel free to explore while we prepare for future endeavors!","The Phaenna Stellascope is the crown jewel of Glassblowers' Beacon. Gaze upon its glory, and admire the stars above!","Searchingway",20,168,36,241069,1486,126,19,5,1,3,4
131,"Phaenna Development Initiative Complete
<UIForeground>F2023B</UIForeground><UIGlow>F2023C</UIGlow>Prepare for future exploration.<UIGlow>01</UIGlow><UIForeground>01</UIForeground>","Phaenna Development Initiative Complete","Owing to myriad contributions by artisans like you, we have achieved every last objective outlined for Phaenna. Enjoy a well-earned rest, and stay alert for future updates!","Our work on Phaenna may be complete, but our dreams shine ever brighter. Enjoy your time on this planet of glass as we prepare for future liftoff!","Searchingway",20,168,37,241070,0,0,0,0,1,3,4
132,"","","","","",0,0,0,0,0,0,0,0,0,0,0
133,"","","","","",0,0,0,0,0,0,0,0,0,0,0
