key,0,1,2,3,4,5,6,7,8,9,10,11,12,13,14,15,16,17,18,19,20
#,,,,,,,,,,,,,,,,,,,,,
int32,str,byte,uint16,uint16,byte,bit&01,byte,uint16,uint16,uint16,uint16,uint16,uint16,uint16,byte,uint16,uint16,byte,uint16,uint16,uint16
0,"",0,0,0,0,False,0,0,0,0,0,0,0,0,0,0,0,0,0,0,0
1," Multi-purpose Fiberboard",17,9,0,0,False,1,0,1,1200,2400,143,0,0,0,0,50,1,2,0,0
2," Fieldwork Fuel",20,9,0,0,False,1,0,2,1200,2400,144,0,0,0,0,51,1,3,0,0
3," Gathering Miscellany",22,9,0,0,False,1,0,3,1200,2400,145,0,0,0,0,52,1,4,0,0
4," Essential Research Materials",29,9,0,0,False,1,0,4,1200,2400,146,0,0,0,0,53,1,5,0,0
5," Charcoal Longevity Testing",20,9,0,0,False,1,0,5,1200,2400,147,0,0,0,0,54,1,6,0,0
6," General-purpose Bedding",19,9,0,0,False,1,0,6,1200,2400,148,0,0,0,0,55,1,7,0,0
7," Thin Fiberboard",17,9,0,0,False,2,0,7,1200,2400,149,0,0,0,0,56,1,8,0,0
8," Carpentry Provisions",20,9,0,0,False,2,0,8,1200,2400,150,0,0,0,0,57,1,9,0,0
9," Worker's Weaving Tools",26,9,0,3,False,2,0,9,1300,3000,151,0,0,0,0,58,1,10,0,0
10," Data Entry Paper",18,9,0,3,False,2,0,10,700,1500,152,0,0,0,0,59,1,11,0,0
11," Interior Insulation Materials",19,9,0,3,False,2,0,11,1100,2500,153,0,0,0,0,60,1,12,0,0
12," Cosmoliner Supplies",28,9,0,3,False,2,0,12,1200,2250,154,0,0,0,0,61,1,13,0,0
13," New Material Earrings",22,9,0,3,False,2,0,13,700,1500,155,0,0,0,0,62,1,14,0,0
14," Resupplying Containers",20,9,0,0,False,3,0,14,1600,2400,156,0,0,0,0,63,1,15,0,0
15," Thick Fiberboard",17,9,0,0,False,3,0,15,1600,2400,157,0,0,0,0,64,1,16,0,0
16," High-quality Insulation Materials",19,9,0,3,False,3,0,16,1700,2000,158,0,0,0,0,65,1,17,0,0
17," Heat-resistant Resin",31,9,0,3,False,3,0,17,2700,3000,159,0,0,0,0,66,1,18,0,0
18," Long-term Storage Paper",18,9,0,0,False,3,0,18,1600,2400,160,0,0,0,0,67,1,19,0,0
19," Habitation Module Chairs",30,9,0,3,False,3,0,19,2700,3000,161,0,0,0,0,68,1,20,0,0
20," Test Material Gathering Tools",22,9,0,0,False,3,0,20,1000,1300,162,0,0,0,0,69,1,21,0,0
21," High-quality Rest Beds",24,9,0,0,False,3,0,21,1000,1300,163,0,0,0,0,70,1,22,0,0
22,"A-1: High-durability Fiberboard",17,9,0,0,False,4,540,22,1800,2400,164,0,0,0,0,71,0,23,0,1200
23,"A-1: High-grade Paper",18,9,0,3,False,4,540,23,2300,3000,165,0,0,0,0,72,0,24,0,1200
24,"A-1: Starship Insulation",19,9,0,3,False,4,0,24,700,1000,166,0,0,0,0,73,0,25,0,1200
25,"A-1: High Burn Charcoal",20,9,0,3,False,4,240,25,700,1000,167,0,0,0,0,74,0,26,0,1200
26,"A-1: Lunar Flora Test Processing",21,9,0,3,False,4,900,26,2600,3000,168,0,0,0,0,75,0,27,0,1200
27,"A-2: Test Material Final Processing",22,9,0,3,False,5,330,27,2500,3000,169,0,0,0,0,76,0,28,0,1100
28,"A-2: Serving Trays",23,9,0,3,False,5,300,28,840,1000,170,0,0,0,0,77,0,29,0,1100
29,"A-2: Bunk Beds",24,9,0,3,False,5,240,29,840,1000,171,0,0,0,0,78,0,30,0,1100
30,"A-2: Work Support Equipment",25,9,0,3,False,5,720,30,2800,3000,172,0,0,13,0,79,0,31,0,1100
31,"A-3: High-quality Crafting Tools",26,9,0,0,False,6,420,31,560,880,173,0,0,14,0,80,0,32,0,1000
32,"A-3: Elevating Platforms",27,9,0,0,False,6,330,32,560,880,174,0,0,13,0,81,0,33,0,1000
33,"A-1: Power Transmission Shafts I",28,9,0,3,False,4,540,33,2300,3000,175,0,0,0,0,82,0,34,0,1200
34,"A-2: Power Transmission Shafts II",28,9,0,3,False,5,330,34,2500,3000,176,0,0,0,33,83,0,35,0,1100
35,"A-1: Specialized Materials I",29,9,0,0,False,4,360,35,1000,1600,177,0,0,0,0,84,0,36,0,1200
36,"A-2: Specialized Materials II",29,9,0,0,False,5,300,36,1000,1600,178,0,0,0,35,85,0,37,0,1100
37,"A-3: Research Water Tank",29,9,0,0,False,6,300,37,1000,1600,179,0,0,0,36,86,0,38,0,1000
38,"A-2: Rest Facility Materials",30,9,0,3,False,5,240,38,850,1000,180,0,0,0,0,87,0,39,0,1100
39,"A-3: Rest Facility Furnishings",30,9,0,3,False,6,240,39,900,1000,181,0,0,0,38,88,0,40,0,1000
40,"A-1: Packing Materials I",31,9,0,3,False,4,540,40,2300,3000,182,0,0,1,0,89,0,41,0,1200
41,"A-2: Packing Materials II",31,9,0,3,False,5,300,41,2500,3000,183,0,0,0,40,90,0,42,0,1100
42,"A-3: Rover Packing Materials",31,9,0,3,False,6,270,42,2700,3000,184,0,0,0,41,91,0,43,0,1000
43,"A-3: Biofuel I",32,9,0,3,False,6,600,43,980,1080,185,0,0,7,0,92,0,44,0,1000
44,"A-3: Biofuel II",32,9,0,3,False,6,600,44,980,1080,186,0,0,0,43,93,0,45,0,1000
45,"A-3: Biofuel III",32,9,0,0,False,6,420,45,1000,1080,187,0,0,0,44,94,0,46,0,1000
46," Multi-purpose Plating",1,10,0,0,False,1,0,46,1200,2400,188,0,0,0,0,95,1,47,0,0
47," Spare Starship Parts",14,10,0,0,False,1,0,47,1200,2400,189,0,0,0,0,96,1,48,0,0
48," Alloy Inspection",2,10,0,0,False,1,0,48,1200,2400,190,0,0,0,0,97,1,49,0,0
49," Custom Parts (Simple)",15,10,0,0,False,1,0,49,1200,2400,191,0,0,0,0,98,1,50,0,0
50," Multi-purpose Metal Components",3,10,0,0,False,1,0,50,1200,2400,192,0,0,0,0,99,1,51,0,0
51," Mass-produced Necessities",3,10,0,0,False,1,0,51,1200,2400,193,0,0,0,0,100,1,52,0,0
52," Standardized Heavy Plating",1,10,0,0,False,2,0,52,1200,2400,194,0,0,0,0,101,1,53,0,0
53," Starship Shafts",14,10,0,0,False,2,0,53,1200,2400,195,0,0,0,0,102,1,54,0,0
54," Worker's Mining Tools",4,10,0,3,False,2,0,54,1300,3000,196,0,0,0,0,103,1,55,0,0
55," Standardized Alloy Rivets",3,10,0,3,False,2,0,55,700,1500,197,0,0,0,0,104,1,56,0,0
56," Worker's Carpentry Tools",4,10,0,3,False,2,0,56,1100,2500,198,0,0,0,0,105,1,57,0,0
57," Custom Parts (Intermediate)",15,10,0,3,False,2,0,57,1200,2250,199,0,0,0,0,106,1,58,0,0
58," Insulated Equipment",9,10,0,3,False,2,0,58,700,1500,200,0,0,0,0,107,1,59,0,0
59," Rover Shafts",3,10,0,0,False,3,0,59,1600,2400,201,0,0,0,0,108,1,60,0,0
60," Standardized Light Plating",1,10,0,0,False,3,0,60,1600,2400,202,0,0,0,0,109,1,61,0,0
61," Worker's Smithing Tools",4,10,0,3,False,3,0,61,1700,2000,203,0,0,0,0,110,1,62,0,0
62," Bathing Fixtures",6,10,0,3,False,3,0,62,2700,3000,204,0,0,0,0,111,1,63,0,0
63," Ceruleum Stoves",9,10,0,0,False,3,0,63,1600,2400,205,0,0,0,0,112,1,64,0,0
64," Habitation Lighting",12,10,0,3,False,3,0,64,2700,3000,206,0,0,0,0,113,1,65,0,0
65," Lunar Material Tool Processing",4,10,0,0,False,3,0,65,1000,1300,207,0,0,0,0,114,1,66,0,0
66," Lunar Material Part Processing",7,10,0,0,False,3,0,66,1000,1300,208,0,0,0,0,115,1,67,0,0
67,"A-1: Key Facility Plating",1,10,0,0,False,4,540,67,1800,2400,209,0,0,0,0,116,0,68,0,2200
68,"A-1: Rare Material Processing",2,10,0,3,False,4,540,68,2300,3000,210,0,0,0,0,117,0,69,0,2200
69,"A-1: Construction Necessities",3,10,0,3,False,4,0,69,700,1000,211,0,0,0,0,118,0,70,0,2200
70,"A-1: Worker's Sheet Metal Tools",4,10,0,3,False,4,240,70,700,1000,212,0,0,0,0,119,0,71,0,2200
71,"A-1: Meteoric Material Test Processing",5,10,0,3,False,4,900,71,2600,3000,213,0,0,0,0,120,0,72,0,2200
72,"A-2: Replica Far Eastern Furnishings",6,10,0,3,False,5,330,72,2500,3000,214,0,0,0,0,121,0,73,0,2100
73,"A-2: Fine-grade Material Processing",7,10,0,3,False,5,300,73,840,1000,215,0,0,0,0,122,0,74,0,2100
74,"A-2: Moongate Hub Equipment",8,10,0,3,False,5,240,74,840,1000,216,0,0,0,0,123,0,75,0,2100
75,"A-2: Work Support Equipment",9,10,0,3,False,5,720,75,2800,3000,217,0,0,14,0,124,0,76,0,2100
76,"A-3: High-durability Material Processing",10,10,0,0,False,6,420,76,560,880,218,0,0,13,0,125,0,77,0,2000
77,"A-3: Impact-resistant Material Processing",11,10,0,0,False,6,330,77,560,880,219,0,0,14,0,126,0,78,0,2000
78,"A-1: Hub Furnishings and Fixtures I",12,10,0,3,False,4,540,78,2300,3000,220,0,0,0,0,127,0,79,0,2200
79,"A-2: Hub Furnishings and Fixtures II",12,10,0,3,False,5,330,79,2500,3000,221,0,0,0,78,128,0,80,0,2100
80,"A-1: Specialized Materials I",13,10,0,0,False,4,360,80,1000,1600,222,0,0,0,0,129,0,81,0,2200
81,"A-2: Specialized Materials II",13,10,0,0,False,5,300,81,1000,1600,223,0,0,0,80,130,0,82,0,2100
82,"A-3: Research Water Tank",13,10,0,0,False,6,300,82,1000,1600,224,0,0,0,81,131,0,83,0,2000
83,"A-2: Starship Building Materials",14,10,0,3,False,5,240,83,850,1000,225,0,0,0,0,132,0,84,0,2100
84,"A-3: Starship Building Material Processing",14,10,0,3,False,6,240,84,900,1000,226,0,0,0,83,133,0,85,0,2000
85,"A-1: High-performance Drone Materials I",15,10,0,3,False,4,540,85,2300,3000,227,0,0,3,0,134,0,86,0,2200
86,"A-2: High-performance Drone Materials II",15,10,0,3,False,5,300,86,2500,3000,228,0,0,0,85,135,0,87,0,2100
87,"A-3: High-performance Drones",15,10,0,3,False,6,270,87,2700,3000,229,0,0,0,86,136,0,88,0,2000
88,"A-3: Cosmotized Equipment Materials I",16,10,0,3,False,6,600,88,980,1080,230,0,0,9,0,137,0,89,0,2000
89,"A-3: Cosmotized Equipment Materials II",16,10,0,3,False,6,600,89,980,1080,231,0,0,0,88,138,0,90,0,2000
90,"A-3: Cosmotized Equipment Materials III",16,10,0,0,False,6,420,90,1000,1080,232,0,0,0,89,139,0,91,0,2000
91," Multi-purpose Plating",1,11,0,0,False,1,0,91,1200,2400,233,0,0,0,0,140,1,92,0,0
92," Spare Starship Parts",14,11,0,0,False,1,0,92,1200,2400,234,0,0,0,0,141,1,93,0,0
93," Alloy Inspection",2,11,0,0,False,1,0,93,1200,2400,235,0,0,0,0,142,1,94,0,0
94," Custom Parts (Simple)",15,11,0,0,False,1,0,94,1200,2400,236,0,0,0,0,143,1,95,0,0
95," Multi-purpose Metal Components",3,11,0,0,False,1,0,95,1200,2400,237,0,0,0,0,144,1,96,0,0
96," Mass-produced Necessities",3,11,0,0,False,1,0,96,1200,2400,238,0,0,0,0,145,1,97,0,0
97," Standardized Heavy Plating",1,11,0,0,False,2,0,97,1200,2400,239,0,0,0,0,146,1,98,0,0
98," Starship Shafts",14,11,0,0,False,2,0,98,1200,2400,240,0,0,0,0,147,1,99,0,0
99," Worker's Culinary Tools I",4,11,0,3,False,2,0,99,1300,3000,241,0,0,0,0,148,1,100,0,0
100," Standardized Chainmail Sheets",3,11,0,3,False,2,0,100,700,1500,242,0,0,0,0,149,1,101,0,0
101," Dust-filtering Equipment",4,11,0,3,False,2,0,101,1100,2500,243,0,0,0,0,150,1,102,0,0
102," Custom Parts (Intermediate)",15,11,0,3,False,2,0,102,1200,2250,244,0,0,0,0,151,1,103,0,0
103," Insulated Equipment",9,11,0,3,False,2,0,103,700,1500,245,0,0,0,0,152,1,104,0,0
104," Rover Parts",3,11,0,0,False,3,0,104,1600,2400,246,0,0,0,0,153,1,105,0,0
105," Standardized Light Plating",1,11,0,0,False,3,0,105,1600,2400,247,0,0,0,0,154,1,106,0,0
106," Worker's Culinary Tools II",4,11,0,3,False,3,0,106,1700,2000,248,0,0,0,0,155,1,107,0,0
107," Beverage Stations",6,11,0,3,False,3,0,107,2700,3000,249,0,0,0,0,156,1,108,0,0
108," Campfire Fixtures",9,11,0,0,False,3,0,108,1600,2400,250,0,0,0,0,157,1,109,0,0
109," Habitation Storage",12,11,0,3,False,3,0,109,2700,3000,251,0,0,0,0,158,1,110,0,0
110," Lunar Material Tool Processing",4,11,0,0,False,3,0,110,1000,1300,252,0,0,0,0,159,1,111,0,0
111," Lunar Material Part Processing",7,11,0,0,False,3,0,111,1000,1300,253,0,0,0,0,160,1,112,0,0
112,"A-1: Key Facility Plating",1,11,0,0,False,4,540,112,1800,2400,254,0,0,0,0,161,0,113,0,3200
113,"A-1: Rare Material Processing",2,11,0,3,False,4,540,113,2300,3000,255,0,0,0,0,162,0,114,0,3200
114,"A-1: Construction Necessities",3,11,0,3,False,4,0,114,700,1000,256,0,0,0,0,163,0,115,0,3200
115,"A-1: High-conductivity Culinary Tools",4,11,0,3,False,4,240,115,700,1000,257,0,0,0,0,164,0,116,0,3200
116,"A-1: Meteoric Material Test Processing",5,11,0,3,False,4,900,116,2600,3000,258,0,0,0,0,165,0,117,0,3200
117,"A-2: Replica Incensories",6,11,0,3,False,5,330,117,2500,3000,259,0,0,0,0,166,0,118,0,3100
118,"A-2: Fine-grade Material Processing",7,11,0,3,False,5,300,118,840,1000,260,0,0,0,0,167,0,119,0,3100
119,"A-2: Moongate Hub Equipment",8,11,0,3,False,5,240,119,840,1000,261,0,0,0,0,168,0,120,0,3100
120,"A-2: Workspace Lighting",9,11,0,3,False,5,720,120,2800,3000,262,0,0,13,0,169,0,121,0,3100
121,"A-3: High-durability Material Processing",10,11,0,0,False,6,420,121,560,880,263,0,0,13,0,170,0,122,0,3000
122,"A-3: Impact-resistant Material Processing",11,11,0,0,False,6,330,122,560,880,264,0,0,14,0,171,0,123,0,3000
123,"A-1: Hub Furnishings and Fixtures I",12,11,0,3,False,4,540,123,2300,3000,265,0,0,0,0,172,0,124,0,3200
124,"A-2: Hub Furnishings and Fixtures II",12,11,0,3,False,5,330,124,2500,3000,266,0,0,0,123,173,0,125,0,3100
125,"A-1: Specialized Materials I",13,11,0,0,False,4,360,125,1000,1600,267,0,0,0,0,174,0,126,0,3200
126,"A-2: Specialized Materials II",13,11,0,0,False,5,300,126,1000,1600,268,0,0,0,125,175,0,127,0,3100
127,"A-3: Priority Sample Storage",13,11,0,0,False,6,300,127,1000,1600,269,0,0,0,126,176,0,128,0,3000
128,"A-2: Starship Building Materials",14,11,0,3,False,5,240,128,850,1000,270,0,0,0,0,177,0,129,0,3100
129,"A-3: Starship Building Material Processing",14,11,0,3,False,6,240,129,900,1000,271,0,0,0,128,178,0,130,0,3000
130,"A-1: High-performance Drone Materials I",15,11,0,3,False,4,540,130,2300,3000,272,0,0,5,0,179,0,131,0,3200
131,"A-2: High-performance Drone Materials II",15,11,0,3,False,5,300,131,2500,3000,273,0,0,0,130,180,0,132,0,3100
132,"A-3: High-performance Drones",15,11,0,3,False,6,270,132,2700,3000,274,0,0,0,131,181,0,133,0,3000
133,"A-3: Cosmotized Equipment Materials I",16,11,0,3,False,6,600,133,980,1080,275,0,0,11,0,182,0,134,0,3000
134,"A-3: Cosmotized Equipment Materials II",16,11,0,3,False,6,600,134,980,1080,276,0,0,0,133,183,0,135,0,3000
135,"A-3: Cosmotized Equipment Materials III",16,11,0,0,False,6,420,135,1000,1080,277,0,0,0,134,184,0,136,0,3000
136," Multi-purpose Plating",1,12,0,0,False,1,0,136,1200,2400,278,0,0,0,0,185,1,137,0,0
137," Spare Starship Parts",14,12,0,0,False,1,0,137,1200,2400,279,0,0,0,0,186,1,138,0,0
138," Alloy Inspection",2,12,0,0,False,1,0,138,1200,2400,280,0,0,0,0,187,1,139,0,0
139," Custom Parts (Simple)",15,12,0,0,False,1,0,139,1200,2400,281,0,0,0,0,188,1,140,0,0
140," Multi-purpose Metal Components",3,12,0,0,False,1,0,140,1200,2400,282,0,0,0,0,189,1,141,0,0
141," Mass-produced Necessities",3,12,0,0,False,1,0,141,1200,2400,283,0,0,0,0,190,1,142,0,0
142," Standardized Heavy Plating",1,12,0,0,False,2,0,142,1200,2400,284,0,0,0,0,191,1,143,0,0
143," Starship Shafts",14,12,0,0,False,2,0,143,1200,2400,285,0,0,0,0,192,1,144,0,0
144," Worker's Grinding Tools",4,12,0,3,False,2,0,144,1300,3000,286,0,0,0,0,193,1,145,0,0
145," Standardized Chainmail Sheets",3,12,0,3,False,2,0,145,700,1500,287,0,0,0,0,194,1,146,0,0
146," Eye Protection Equipment",4,12,0,3,False,2,0,146,1100,2500,288,0,0,0,0,195,1,147,0,0
147," Custom Parts (Intermediate)",15,12,0,3,False,2,0,147,1200,2250,289,0,0,0,0,196,1,148,0,0
148," Heat Dissipation Equipment",9,12,0,3,False,2,0,148,700,1500,290,0,0,0,0,197,1,149,0,0
149," Rover Parts",3,12,0,0,False,3,0,149,1600,2400,291,0,0,0,0,198,1,150,0,0
150," Standardized Light Plating",1,12,0,0,False,3,0,150,1600,2400,292,0,0,0,0,199,1,151,0,0
151," Worker's Weaving Tools",4,12,0,3,False,3,0,151,1700,2000,293,0,0,0,0,200,1,152,0,0
152," Observation Devices",6,12,0,3,False,3,0,152,2700,3000,294,0,0,0,0,201,1,153,0,0
153," Fireplace Fixtures",9,12,0,0,False,3,0,153,1600,2400,295,0,0,0,0,202,1,154,0,0
154," Habitation Vanities",12,12,0,3,False,3,0,154,2700,3000,296,0,0,0,0,203,1,155,0,0
155," Lunar Material Tool Processing",4,12,0,0,False,3,0,155,1000,1300,297,0,0,0,0,204,1,156,0,0
156," Lunar Material Part Processing",7,12,0,0,False,3,0,156,1000,1300,298,0,0,0,0,205,1,157,0,0
157,"A-1: Key Facility Plating",1,12,0,0,False,4,540,157,1800,2400,299,0,0,0,0,206,0,158,0,4200
158,"A-1: Rare Material Processing",2,12,0,3,False,4,540,158,2300,3000,300,0,0,0,0,207,0,159,0,4200
159,"A-1: Construction Necessities",3,12,0,3,False,4,0,159,700,1000,301,0,0,0,0,208,0,160,0,4200
160,"A-1: Fine-grade Knives",4,12,0,3,False,4,240,160,700,1000,302,0,0,0,0,209,0,161,0,4200
161,"A-1: Meteoric Material Test Processing",5,12,0,3,False,4,900,161,2600,3000,303,0,0,0,0,210,0,162,0,4200
162,"A-2: Replica Bathing Fixtures",6,12,0,3,False,5,330,162,2500,3000,304,0,0,0,0,211,0,163,0,4100
163,"A-2: Fine-grade Material Processing",7,12,0,3,False,5,300,163,840,1000,305,0,0,0,0,212,0,164,0,4100
164,"A-2: Moongate Hub Equipment",8,12,0,3,False,5,240,164,840,1000,306,0,0,0,0,213,0,165,0,4100
165,"A-2: Work Support Mechanical Arms",9,12,0,3,False,5,720,165,2800,3000,307,0,0,14,0,214,0,166,0,4100
166,"A-3: High-durability Material Processing",10,12,0,0,False,6,420,166,560,880,308,0,0,13,0,215,0,167,0,4000
167,"A-3: Impact-resistant Material Processing",11,12,0,0,False,6,330,167,560,880,309,0,0,14,0,216,0,168,0,4000
168,"A-1: Hub Furnishings and Fixtures I",12,12,0,3,False,4,540,168,2300,3000,310,0,0,0,0,217,0,169,0,4200
169,"A-2: Hub Furnishings and Fixtures II",12,12,0,3,False,5,330,169,2500,3000,311,0,0,0,168,218,0,170,0,4100
170,"A-1: Specialized Materials I",13,12,0,0,False,4,360,170,1000,1600,312,0,0,0,0,219,0,171,0,4200
171,"A-2: Specialized Materials II",13,12,0,0,False,5,300,171,1000,1600,313,0,0,0,170,220,0,172,0,4100
172,"A-3: Vending Machines",13,12,0,0,False,6,300,172,1000,1600,314,0,0,0,171,221,0,173,0,4000
173,"A-2: Starship Building Materials",14,12,0,3,False,5,240,173,850,1000,315,0,0,0,0,222,0,174,0,4100
174,"A-3: Starship Building Material Processing",14,12,0,3,False,6,240,174,900,1000,316,0,0,0,173,223,0,175,0,4000
175,"A-1: High-performance Drone Materials I",15,12,0,3,False,4,540,175,2300,3000,317,0,0,7,0,224,0,176,0,4200
176,"A-2: High-performance Drone Materials II",15,12,0,3,False,5,300,176,2500,3000,318,0,0,0,175,225,0,177,0,4100
177,"A-3: High-performance Drones",15,12,0,3,False,6,270,177,2700,3000,319,0,0,0,176,226,0,178,0,4000
178,"A-3: Cosmotized Equipment Materials I",16,12,0,3,False,6,600,178,980,1080,320,0,0,1,0,227,0,179,0,4000
179,"A-3: Cosmotized Equipment Materials II",16,12,0,3,False,6,600,179,980,1080,321,0,0,0,178,228,0,180,0,4000
180,"A-3: Cosmotized Equipment Materials III",16,12,0,0,False,6,420,180,1000,1080,322,0,0,0,179,229,0,181,0,4000
181," Multi-purpose Leather Straps",17,13,0,0,False,1,0,181,1200,2400,323,0,0,0,0,230,1,182,0,0
182," First-aid Leather",20,13,0,0,False,1,0,182,1200,2400,324,0,0,0,0,231,1,183,0,0
183," Gatherer's Gloves",22,13,0,0,False,1,0,183,1200,2400,325,0,0,0,0,232,1,184,0,0
184," Essential Research Materials",29,13,0,0,False,1,0,184,1200,2400,326,0,0,0,0,233,1,185,0,0
185," Work Pouches",20,13,0,0,False,1,0,185,1200,2400,327,0,0,0,0,234,1,186,0,0
186," Leather Room Shoes",19,13,0,0,False,1,0,186,1200,2400,328,0,0,0,0,235,1,187,0,0
187," Heat-resistant Leather String",17,13,0,0,False,2,0,187,1200,2400,329,0,0,0,0,236,1,188,0,0
188," Worker's Bags",20,13,0,0,False,2,0,188,1200,2400,330,0,0,0,0,237,1,189,0,0
189," Worker's Belts",26,13,0,3,False,2,0,189,1300,3000,331,0,0,0,0,238,1,190,0,0
190," High-grade Paper",18,13,0,3,False,2,0,190,700,1500,332,0,0,0,0,239,1,191,0,0
191," Sheep Rugs",19,13,0,3,False,2,0,191,1100,2500,333,0,0,0,0,240,1,192,0,0
192," Cosmoliner Materials",28,13,0,3,False,2,0,192,1200,2250,334,0,0,0,0,241,1,193,0,0
193," New Material Jackets",22,13,0,3,False,2,0,193,700,1500,335,0,0,0,0,242,1,194,0,0
194," Leather First-aid Bags",20,13,0,0,False,3,0,194,1600,2400,336,0,0,0,0,243,1,195,0,0
195," Sterile Leather String",17,13,0,0,False,3,0,195,1600,2400,337,0,0,0,0,244,1,196,0,0
196," High-grade Rugs",19,13,0,3,False,3,0,196,1700,2000,338,0,0,0,0,245,1,197,0,0
197," Transport Leather",31,13,0,3,False,3,0,197,2700,3000,339,0,0,0,0,246,1,198,0,0
198," Long-term Storage Paper",18,13,0,0,False,3,0,198,1600,2400,340,0,0,0,0,247,1,199,0,0
199," High-grade Rest Chairs",30,13,0,3,False,3,0,199,2700,3000,341,0,0,0,0,248,1,200,0,0
200," Test Material Gloves",22,13,0,0,False,3,0,200,1000,1300,342,0,0,0,0,249,1,201,0,0
201," High-grade Rest Lounges",24,13,0,0,False,3,0,201,1000,1300,343,0,0,0,0,250,1,202,0,0
202,"A-1: High-durability Leather String",17,13,0,0,False,4,540,202,1800,2400,344,0,0,0,0,251,0,203,0,5200
203,"A-1: High-grade Paper",18,13,0,3,False,4,540,203,2300,3000,345,0,0,0,0,252,0,204,0,5200
204,"A-1: Research Plant Rug",19,13,0,3,False,4,0,204,700,1000,346,0,0,0,0,253,0,205,0,5200
205,"A-1: Thermal Leather",20,13,0,3,False,4,240,205,700,1000,347,0,0,0,0,254,0,206,0,5200
206,"A-1: Lunar Flora Test Processing",21,13,0,3,False,4,900,206,2600,3000,348,0,0,0,0,255,0,207,0,5200
207,"A-2: Test Material Final Processing",22,13,0,3,False,5,330,207,2500,3000,349,0,0,0,0,256,0,208,0,5100
208,"A-2: Work Pouches",23,13,0,3,False,5,300,208,840,1000,350,0,0,0,0,257,0,209,0,5100
209,"A-2: High-grade Sofas",24,13,0,3,False,5,240,209,840,1000,351,0,0,0,0,258,0,210,0,5100
210,"A-2: Familiar Furnishings",25,13,0,3,False,5,720,210,2800,3000,352,0,0,13,0,259,0,211,0,5100
211,"A-3: Safety Shoes",26,13,0,0,False,6,420,211,560,880,353,0,0,14,0,260,0,212,0,5000
212,"A-3: Gatherer's Overalls",27,13,0,0,False,6,330,212,560,880,354,0,0,13,0,261,0,213,0,5000
213,"A-1: Base Supplies I",28,13,0,3,False,4,540,213,2300,3000,355,0,0,0,0,262,0,214,0,5200
214,"A-2: Base Supplies II",28,13,0,3,False,5,330,214,2500,3000,356,0,0,0,213,263,0,215,0,5100
215,"A-1: Specialized Materials I",29,13,0,0,False,4,360,215,1000,1600,357,0,0,0,0,264,0,216,0,5200
216,"A-2: Specialized Materials II",29,13,0,0,False,5,300,216,1000,1600,358,0,0,0,215,265,0,217,0,5100
217,"A-3: Large Research Materials",29,13,0,0,False,6,300,217,1000,1600,359,0,0,0,216,266,0,218,0,5000
218,"A-2: Rest Facility Materials",30,13,0,3,False,5,240,218,850,1000,360,0,0,0,0,267,0,219,0,5100
219,"A-3: Rest Facility Furnishings",30,13,0,3,False,6,240,219,900,1000,361,0,0,0,218,268,0,220,0,5000
220,"A-1: Packing Materials I",31,13,0,3,False,4,540,220,2300,3000,362,0,0,9,0,269,0,221,0,5200
221,"A-2: Packing Materials II",31,13,0,3,False,5,300,221,2500,3000,363,0,0,0,220,270,0,222,0,5100
222,"A-3: Rover Packing Materials",31,13,0,3,False,6,270,222,2700,3000,364,0,0,0,221,271,0,223,0,5000
223,"A-3: Cosmic Suits I",32,13,0,3,False,6,600,223,980,1080,365,0,0,3,0,272,0,224,0,5000
224,"A-3: Cosmic Suits II",32,13,0,3,False,6,600,224,980,1080,366,0,0,0,223,273,0,225,0,5000
225,"A-3: Cosmic Suits III",32,13,0,0,False,6,420,225,1000,1080,367,0,0,0,224,274,0,226,0,5000
226," Multi-purpose Yarn",17,14,0,0,False,1,0,226,1200,2400,368,0,0,0,0,275,1,227,0,0
227," First-aid Cloth",20,14,0,0,False,1,0,227,1200,2400,369,0,0,0,0,276,1,228,0,0
228," Gatherer's Helmets",22,14,0,0,False,1,0,228,1200,2400,370,0,0,0,0,277,1,229,0,0
229," Essential Research Materials",29,14,0,0,False,1,0,229,1200,2400,371,0,0,0,0,278,1,230,0,0
230," Multi-purpose String",20,14,0,0,False,1,0,230,1200,2400,372,0,0,0,0,279,1,231,0,0
231," Divider Curtains",19,14,0,0,False,1,0,231,1200,2400,373,0,0,0,0,280,1,232,0,0
232," Heat-resistant Yarn",17,14,0,0,False,2,0,232,1200,2400,374,0,0,0,0,281,1,233,0,0
233," Room Garments",20,14,0,0,False,2,0,233,1200,2400,375,0,0,0,0,282,1,234,0,0
234," Multi-purpose Fabric",26,14,0,3,False,2,0,234,1300,3000,376,0,0,0,0,283,1,235,0,0
235," Composite Fiber",18,14,0,3,False,2,0,235,700,1500,377,0,0,0,0,284,1,236,0,0
236," Infirmary Curtains",19,14,0,3,False,2,0,236,1100,2500,378,0,0,0,0,285,1,237,0,0
237," Cosmoliner Materials",28,14,0,3,False,2,0,237,1200,2250,379,0,0,0,0,286,1,238,0,0
238," New Material Trousers",22,14,0,3,False,2,0,238,700,1500,380,0,0,0,0,287,1,239,0,0
239," Work Rope",20,14,0,0,False,3,0,239,1600,2400,381,0,0,0,0,288,1,240,0,0
240," Sterile Yarn",17,14,0,0,False,3,0,240,1600,2400,382,0,0,0,0,289,1,241,0,0
241," High-grade Curtains",19,14,0,3,False,3,0,241,1700,2000,383,0,0,0,0,290,1,242,0,0
242," Transport Yarn",31,14,0,3,False,3,0,242,2700,3000,384,0,0,0,0,291,1,243,0,0
243," Heat-resistant Composite Fiber",18,14,0,0,False,3,0,243,1600,2400,385,0,0,0,0,292,1,244,0,0
244," Rest Supplies",30,14,0,3,False,3,0,244,2700,3000,386,0,0,0,0,293,1,245,0,0
245," Test Material Hats",22,14,0,0,False,3,0,245,1000,1300,387,0,0,0,0,294,1,246,0,0
246," Rest Cushions",24,14,0,0,False,3,0,246,1000,1300,388,0,0,0,0,295,1,247,0,0
247,"A-1: High-durability Yarn",17,14,0,0,False,4,540,247,1800,2400,389,0,0,0,0,296,0,248,0,6200
248,"A-1: High-grade Composite Fiber",18,14,0,3,False,4,540,248,2300,3000,390,0,0,0,0,297,0,249,0,6200
249,"A-1: High-grade Bedroom Curtains",19,14,0,3,False,4,0,249,700,1000,391,0,0,0,0,298,0,250,0,6200
250,"A-1: First-aid Bandaging",20,14,0,3,False,4,240,250,700,1000,392,0,0,0,0,299,0,251,0,6200
251,"A-1: Lunar Flora Test Processing",21,14,0,3,False,4,900,251,2600,3000,393,0,0,0,0,300,0,252,0,6200
252,"A-2: Test Material Final Processing",22,14,0,3,False,5,330,252,2500,3000,394,0,0,0,0,301,0,253,0,6100
253,"A-2: Weaving Materials",23,14,0,3,False,5,300,253,840,1000,395,0,0,0,0,302,0,254,0,6100
254,"A-2: Rest Cushions",24,14,0,3,False,5,240,254,840,1000,396,0,0,0,0,303,0,255,0,6100
255,"A-2: Familiar Furnishings",25,14,0,3,False,5,720,255,2800,3000,397,0,0,14,0,304,0,256,0,6100
256,"A-3: Cold-weather Work Hats",26,14,0,0,False,6,420,256,560,880,398,0,0,14,0,305,0,257,0,6000
257,"A-3: Crafter's Overalls",27,14,0,0,False,6,330,257,560,880,399,0,0,13,0,306,0,258,0,6000
258,"A-1: Cosmoliner Materials I",28,14,0,3,False,4,540,258,2300,3000,400,0,0,0,0,307,0,259,0,6200
259,"A-2: Cosmoliner Materials II",28,14,0,3,False,5,330,259,2500,3000,401,0,0,0,258,308,0,260,0,6100
260,"A-1: Specialized Materials I",29,14,0,0,False,4,360,260,1000,1600,402,0,0,0,0,309,0,261,0,6200
261,"A-2: Specialized Materials II",29,14,0,0,False,5,300,261,1000,1600,403,0,0,0,260,310,0,262,0,6100
262,"A-3: Large Research Materials",29,14,0,0,False,6,300,262,1000,1600,404,0,0,0,261,311,0,263,0,6000
263,"A-2: Rest Facility Materials",30,14,0,3,False,5,240,263,850,1000,405,0,0,0,0,312,0,264,0,6100
264,"A-3: Rest Facility Furnishings",30,14,0,3,False,6,240,264,900,1000,406,0,0,0,263,313,0,265,0,6000
265,"A-1: Packing Materials I",31,14,0,3,False,4,540,265,2300,3000,407,0,0,11,0,314,0,266,0,6200
266,"A-2: Packing Materials II",31,14,0,3,False,5,300,266,2500,3000,408,0,0,0,265,315,0,267,0,6100
267,"A-3: Rover Packing Materials",31,14,0,3,False,6,270,267,2700,3000,409,0,0,0,266,316,0,268,0,6000
268,"A-3: Crew Suits I",32,14,0,3,False,6,600,268,980,1080,410,0,0,5,0,317,0,269,0,6000
269,"A-3: Crew Suits II",32,14,0,3,False,6,600,269,980,1080,411,0,0,0,268,318,0,270,0,6000
270,"A-3: Crew Suits III",32,14,0,0,False,6,420,270,1000,1080,412,0,0,0,269,319,0,271,0,6000
271," Foundation Bricks",33,15,0,0,False,1,0,271,1200,2400,413,0,0,0,0,320,1,272,0,0
272," Spice Processing",40,15,0,0,False,1,0,272,1200,2400,414,0,0,0,0,321,1,273,0,0
273," Building Adhesive",34,15,0,0,False,1,0,273,1200,2400,415,0,0,0,0,322,1,274,0,0
274," Nutrient Supplements",35,15,0,0,False,1,0,274,1200,2400,416,0,0,0,0,323,1,275,0,0
275," Aquatic Adhesive",36,15,0,0,False,1,0,275,1200,2400,417,0,0,0,0,324,1,276,0,0
276," Medicated Feed Research",46,15,0,0,False,1,0,276,1200,2400,418,0,0,0,0,325,1,277,0,0
277," Heat-resistant Bricks",33,15,0,0,False,2,0,277,1200,2400,419,0,0,0,0,326,1,278,0,0
278," Health Drinks",35,15,0,0,False,2,0,278,1200,2400,420,0,0,0,0,327,1,279,0,0
279," Construction Paint",33,15,0,3,False,2,0,279,1300,3000,421,0,0,0,0,328,1,280,0,0
280," Traditional Veneer",41,15,0,3,False,2,0,280,700,1500,422,0,0,0,0,329,1,281,0,0
281," Night Lighting",36,15,0,3,False,2,0,281,1100,2500,423,0,0,0,0,330,1,282,0,0
282," Emergency Foodstuffs Development",39,15,0,3,False,2,0,282,1200,2250,424,0,0,0,0,331,1,283,0,0
283," Experimental Potables",47,15,0,3,False,2,0,283,700,1500,425,0,0,0,0,332,1,284,0,0
284," Lunar Spice Processing",39,15,0,0,False,3,0,284,1600,2400,426,0,0,0,0,333,1,285,0,0
285," Water-resistant Bricks",33,15,0,0,False,3,0,285,1600,2400,427,0,0,0,0,334,1,286,0,0
286," Research Medicine",43,15,0,3,False,3,0,286,1700,2000,428,0,0,0,0,335,1,287,0,0
287," Holy Water",42,15,0,3,False,3,0,287,2700,3000,429,0,0,0,0,336,1,288,0,0
288," Lunar Flooring",41,15,0,0,False,3,0,288,1600,2400,430,0,0,0,0,337,1,289,0,0
289," Stellar Nutrients",35,15,0,3,False,3,0,289,2700,3000,431,0,0,0,0,338,1,290,0,0
290," Miniature Gardens",41,15,0,0,False,3,0,290,1000,1300,432,0,0,0,0,339,1,291,0,0
291," Decorative Lunar Plants",40,15,0,0,False,3,0,291,1000,1300,433,0,0,0,0,340,1,292,0,0
292,"A-1: Water-resistant Bricks",33,15,0,0,False,4,540,292,1800,2400,434,0,0,0,0,341,0,293,0,7200
293,"A-1: Stellar Adhesive",34,15,0,3,False,4,540,293,2300,3000,435,0,0,0,0,342,0,294,0,7200
294,"A-1: Nutrient Supplements",35,15,0,3,False,4,0,294,700,1000,436,0,0,0,0,343,0,295,0,7200
295,"A-1: Cafeteria Goods",37,15,0,3,False,4,240,295,700,1000,437,0,0,0,0,344,0,296,0,7200
296,"A-1: Lunar Seafood Processing",38,15,0,3,False,4,900,296,2600,3000,438,0,0,0,0,345,0,297,0,7200
297,"A-2: Emergency Potables",39,15,0,3,False,5,330,297,2500,3000,439,0,0,0,0,346,0,298,0,7100
298,"A-2: Cosmetic Research Materials",40,15,0,3,False,5,300,298,840,1000,440,0,0,0,0,347,0,299,0,7100
299,"A-2: Replica Ornamental Plants",41,15,0,3,False,5,240,299,840,1000,441,0,0,0,0,348,0,300,0,7100
300,"A-2: Artisan's Mixtures",42,15,0,3,False,5,720,300,2800,3000,442,0,0,13,0,349,0,301,0,7100
301,"A-3: Rust Repellent",36,15,0,0,False,6,420,301,560,880,443,0,0,13,0,350,0,302,0,7000
302,"A-3: Stable Medicine",43,15,0,0,False,6,330,302,560,880,444,0,0,14,0,351,0,303,0,7000
303,"A-1: Natural Remedy Inspection I",44,15,0,3,False,4,540,303,2300,3000,445,0,0,0,0,352,0,304,0,7200
304,"A-2: Natural Remedy Inspection II",44,15,0,3,False,5,330,304,2500,3000,446,0,0,0,303,353,0,305,0,7100
305,"A-1: Loporrit Habitat Improvements I",45,15,0,0,False,4,360,305,1000,1600,447,0,0,0,0,354,0,306,0,7200
306,"A-2: Loporrit Habitat Improvements II",45,15,0,0,False,5,300,306,1000,1600,448,0,0,0,305,355,0,307,0,7100
307,"A-3: Loporrit Habitat Improvements III",45,15,0,0,False,6,300,307,1000,1600,449,0,0,0,306,356,0,308,0,7000
308,"A-2: Aquaculture Feed I",46,15,0,3,False,5,240,308,850,1000,450,0,0,0,0,357,0,309,0,7100
309,"A-3: Aquaculture Feed II",46,15,0,3,False,6,240,309,900,1000,451,0,0,0,308,358,0,310,0,7000
310,"A-1: Nutrient Jelly Materials I",47,15,0,3,False,4,540,310,2300,3000,452,0,0,1,0,359,0,311,0,7200
311,"A-2: Nutrient Jelly Materials II",47,15,0,3,False,5,300,311,2500,3000,453,0,0,0,310,360,0,312,0,7100
312,"A-3: Nutrient Jelly",47,15,0,3,False,6,270,312,2700,3000,454,0,0,0,311,361,0,313,0,7000
313,"A-3: Dichromatic Compound I",48,15,0,3,False,6,600,313,980,1080,455,0,0,7,0,362,0,314,0,7000
314,"A-3: Dichromatic Compound II",48,15,0,3,False,6,600,314,980,1080,456,0,0,0,313,363,0,315,0,7000
315,"A-3: Dichromatic Compound III",48,15,0,0,False,6,420,315,1000,1080,457,0,0,0,314,364,0,316,0,7000
316," Standard Lubricant",33,16,0,0,False,1,0,316,1200,2400,458,0,0,0,0,365,1,317,0,0
317," Spice Processing",40,16,0,0,False,1,0,317,1200,2400,459,0,0,0,0,366,1,318,0,0
318," Building Adhesive",34,16,0,0,False,1,0,318,1200,2400,460,0,0,0,0,367,1,319,0,0
319," Aquatic Nutrient Concentrate",35,16,0,0,False,1,0,319,1200,2400,461,0,0,0,0,368,1,320,0,0
320," Aquatic Ink",36,16,0,0,False,1,0,320,1200,2400,462,0,0,0,0,369,1,321,0,0
321," Medicated Feed Research",46,16,0,0,False,1,0,321,1200,2400,463,0,0,0,0,370,1,322,0,0
322," Heat-resistant Lubricant",33,16,0,0,False,2,0,322,1200,2400,464,0,0,0,0,371,1,323,0,0
323," Nutrient-rich Foodstuffs",35,16,0,0,False,2,0,323,1200,2400,465,0,0,0,0,372,1,324,0,0
324," Construction Paint",33,16,0,3,False,2,0,324,1300,3000,466,0,0,0,0,373,1,325,0,0
325," Portable Foodstuffs",41,16,0,3,False,2,0,325,700,1500,467,0,0,0,0,374,1,326,0,0
326," Nutrient-rich Seafood Processing",36,16,0,3,False,2,0,326,1100,2500,468,0,0,0,0,375,1,327,0,0
327," Emergency Foodstuff Development",39,16,0,3,False,2,0,327,1200,2250,469,0,0,0,0,376,1,328,0,0
328," Essential Whole Meals",47,16,0,3,False,2,0,328,700,1500,470,0,0,0,0,377,1,329,0,0
329," Experimental Foodstuffs",39,16,0,0,False,3,0,329,1600,2400,471,0,0,0,0,378,1,330,0,0
330," Water-resistant Lubricant",33,16,0,0,False,3,0,330,1600,2400,472,0,0,0,0,379,1,331,0,0
331," Experimental Potables",43,16,0,3,False,3,0,331,1700,2000,473,0,0,0,0,380,1,332,0,0
332," Launch Party Foodstuffs",42,16,0,3,False,3,0,332,2700,3000,474,0,0,0,0,381,1,333,0,0
333," Home-cooked Seafood Meal",41,16,0,0,False,3,0,333,1600,2400,475,0,0,0,0,382,1,334,0,0
334," Nutrient-rich Lunar Food",35,16,0,3,False,3,0,334,2700,3000,476,0,0,0,0,383,1,335,0,0
335," Bakery Inspection",41,16,0,0,False,3,0,335,1000,1300,477,0,0,0,0,384,1,336,0,0
336," Mushroom Processing",40,16,0,0,False,3,0,336,1000,1300,478,0,0,0,0,385,1,337,0,0
337,"A-1: Water-resistant Lubricant",33,16,0,0,False,4,540,337,1800,2400,479,0,0,0,0,386,0,338,0,8200
338,"A-1: Stellar Adhesive",34,16,0,3,False,4,540,338,2300,3000,480,0,0,0,0,387,0,339,0,8200
339,"A-1: Liquid Nutrient Supplements",35,16,0,3,False,4,0,339,700,1000,481,0,0,0,0,388,0,340,0,8200
340,"A-1: Cafeteria Goods",37,16,0,3,False,4,240,340,700,1000,482,0,0,0,0,389,0,341,0,8200
341,"A-1: Lunar Seafood Processing",38,16,0,3,False,4,900,341,2600,3000,483,0,0,0,0,390,0,342,0,8200
342,"A-2: Stable Food Mass Production",39,16,0,3,False,5,330,342,2500,3000,484,0,0,0,0,391,0,343,0,8100
343,"A-2: Sharlayan Dish Inspection",40,16,0,3,False,5,300,343,840,1000,485,0,0,0,0,392,0,344,0,8100
344,"A-2: Simple Field Rations",41,16,0,3,False,5,240,344,840,1000,486,0,0,0,0,393,0,345,0,8100
345,"A-2: Portable Nutrients",42,16,0,3,False,5,720,345,2800,3000,487,0,0,14,0,394,0,346,0,8100
346,"A-3: Cured Seafood",36,16,0,0,False,6,420,346,560,880,488,0,0,13,0,395,0,347,0,8000
347,"A-3: Cured Meat",43,16,0,0,False,6,330,347,560,880,489,0,0,14,0,396,0,348,0,8000
348,"A-1: Worker's Banquet Preparation I",44,16,0,3,False,4,540,348,2300,3000,490,0,0,0,0,397,0,349,0,8200
349,"A-2: Worker's Banquet Preparation II",44,16,0,3,False,5,330,349,2500,3000,491,0,0,0,348,398,0,350,0,8100
350,"A-1: Loporrit Dietary Improvement I",45,16,0,0,False,4,360,350,1000,1600,492,0,0,0,0,399,0,351,0,8200
351,"A-2: Loporrit Dietary Improvement II",45,16,0,0,False,5,300,351,1000,1600,493,0,0,0,350,400,0,352,0,8100
352,"A-3: Loporrit Dietary Improvement III",45,16,0,0,False,6,300,352,1000,1600,494,0,0,0,351,401,0,353,0,8000
353,"A-2: Aquaculture Feed I",46,16,0,3,False,5,240,353,850,1000,495,0,0,0,0,402,0,354,0,8100
354,"A-3: Aquaculture Feed II",46,16,0,3,False,6,240,354,900,1000,496,0,0,0,353,403,0,355,0,8000
355,"A-1: Nutrient-rich Foodstuffs I",47,16,0,3,False,4,540,355,2300,3000,497,0,0,3,0,404,0,356,0,8200
356,"A-2: Nutrient-rich Foodstuffs II",47,16,0,3,False,5,300,356,2500,3000,498,0,0,0,355,405,0,357,0,8100
357,"A-3: Nutrient-rich Foodstuffs III",47,16,0,3,False,6,270,357,2700,3000,499,0,0,0,356,406,0,358,0,8000
358,"A-3: Whole Meals I",48,16,0,3,False,6,600,358,980,1080,500,0,0,9,0,407,0,359,0,8000
359,"A-3: Whole Meals II",48,16,0,3,False,6,600,359,980,1080,501,0,0,0,358,408,0,360,0,8000
360,"A-3: Whole Meals III",48,16,0,0,False,6,420,360,1000,1080,502,0,0,0,359,409,0,361,0,8000
361," Hub Vicinity Survey",54,17,0,0,False,1,180,361,1550,1700,53,0,0,0,0,0,1,0,5220,0
362," Northwestern Vicinity Survey",60,17,0,0,False,1,180,362,1550,1700,54,0,0,0,0,0,1,0,5220,0
363," Productivity Review",50,17,0,0,False,1,150,363,420,520,55,0,0,0,0,0,1,0,5220,0
364," Hydrofication Materials",62,17,0,0,False,1,150,364,420,520,56,0,0,0,0,0,1,0,5220,0
365," Multi-purpose Plating Materials",51,17,0,0,False,1,150,365,1550,1700,57,0,0,0,0,0,1,0,5220,0
366," Air Filter Materials",63,17,0,0,False,1,150,366,1550,1700,58,0,0,0,0,0,1,0,5220,0
367," Central Radius Survey",54,17,0,0,False,2,180,367,1550,1900,59,0,0,0,0,0,1,0,5226,0
368," Metal Processing Materials",50,17,0,0,False,2,150,368,420,770,60,0,0,0,0,0,1,0,5230,0
369," Heavy Plating Materials",51,17,0,0,False,2,150,369,1550,1900,61,0,0,0,0,0,1,0,5226,0
370," Sustained Productivity Review",52,17,0,0,False,2,150,370,850,1050,62,0,0,0,0,0,1,0,5230,0
371," Material Collection Appraisal",53,17,0,0,False,2,150,371,2000,2600,63,0,0,0,0,0,1,0,5230,0
372," Additional Meteoric Deposits",60,17,0,0,False,2,150,372,2850,3550,64,0,0,0,0,0,1,0,5226,0
373," Water Filter Materials",62,17,0,3,False,2,180,373,120,140,65,0,0,0,0,0,1,0,5226,0
374," Outer Sector Survey",54,17,0,0,False,3,180,374,1550,1950,66,0,0,0,0,0,1,0,5221,0
375," Element-resistant Materials",50,17,0,0,False,3,150,375,420,820,67,0,0,0,0,0,1,0,5221,0
376," Light Plating Materials",51,17,0,0,False,3,150,376,1550,1950,68,0,0,0,0,0,1,0,5232,0
377," Lunar Yellow Copper Ore",52,17,0,0,False,3,150,377,850,1050,69,0,0,0,0,0,1,0,5221,0
378," Technique Appraisal",53,17,0,0,False,3,150,378,2000,2600,70,0,0,0,0,0,1,0,5232,0
379," Energization Materials",61,17,0,0,False,3,150,379,2850,3550,71,0,0,0,0,0,1,0,5221,0
380," Fine-grade Processing Materials",58,17,0,3,False,3,180,380,130,150,72,0,0,0,0,0,1,0,5221,0
381," Stellar Repair Materials",55,17,0,4,False,3,180,381,200,600,73,0,0,0,0,0,1,0,5232,0
382,"A-1: Alloy Processing Materials",49,17,0,0,False,4,180,382,2800,3200,74,0,0,0,0,0,0,0,5221,9200
383,"A-1: Crater Extraction",50,17,0,0,False,4,180,383,600,900,75,0,0,0,0,0,0,0,5226,9200
384,"A-1: Special Plating Materials",51,17,0,0,False,4,180,384,3000,3400,76,0,0,0,0,0,0,0,5230,9200
385,"A-1: Lunar Chromite Ore",52,17,0,0,False,4,180,385,2350,2950,77,0,0,0,0,0,0,0,5220,9200
386,"A-1: Meteoric Deposits",53,17,0,0,False,4,180,386,4000,5200,78,0,0,0,0,0,0,0,5226,9200
387,"A-2: Precise Survey",54,17,0,0,False,5,180,387,2850,3250,79,0,0,0,0,0,0,0,5226,9100
388,"A-2: Alchemical Refinement Materials",55,17,0,4,False,5,180,388,1750,1950,80,0,0,0,0,0,0,0,5220,9100
389,"A-2: Southwestern Survey",56,17,0,3,False,5,300,389,1160,1680,81,0,0,0,0,0,0,0,5223,9100
390,"A-2: Precise Lunar Nadir Survey",57,17,0,3,False,5,180,390,900,1100,82,0,0,14,0,0,0,0,5234,9100
391,"A-3: Rare Material Extraction",58,17,0,4,False,6,300,391,900,1300,83,0,0,13,0,0,0,0,5221,9000
392,"A-3: Supplemental Processing Materials",59,17,0,3,False,6,300,392,1310,1680,84,0,0,14,0,0,0,0,5230,9000
393,"A-1: Hub Vicinity Gathering I",60,17,0,0,False,4,180,393,2800,3200,85,0,0,0,0,0,0,0,5220,9200
394,"A-2: Hub Vicinity Gathering II",60,17,0,0,False,5,180,394,2350,2950,86,0,0,0,393,0,0,0,5226,9100
395,"A-1: High-grade Energization Materials I",61,17,0,0,False,4,180,395,600,900,87,0,0,0,0,0,0,0,5230,9200
396,"A-2: High-grade Energization Materials II",61,17,0,0,False,5,180,396,4200,5400,88,0,0,0,395,0,0,0,5221,9100
397,"A-3: High-grade Energization Materials III",61,17,0,3,False,6,180,397,900,1200,89,0,0,0,396,0,0,0,5232,9000
398,"A-2: Fine-grade Water Filter Materials I",62,17,0,0,False,5,180,398,3000,3400,90,0,0,0,0,0,0,0,5226,9100
399,"A-3: Fine-grade Water Filter Materials II",62,17,0,4,False,6,180,399,1750,2100,91,0,0,0,398,0,0,0,5234,9000
400,"A-1: Fine-grade Air Filter Materials I",63,17,0,0,False,4,180,400,3000,3400,92,0,0,2,0,0,0,0,5220,9200
401,"A-3: Fine-grade Air Filter Materials III",63,17,0,0,False,6,180,401,7000,7950,93,0,0,0,402,0,0,0,5234,9100
402,"A-2: Fine-grade Air Filter Materials II",63,17,0,3,False,5,180,402,900,1100,94,0,0,0,400,0,0,0,5223,9000
403,"A-3: Folkloric Materials I",64,17,0,4,False,6,300,403,900,1300,95,0,0,8,0,0,0,0,5223,9000
404,"A-3: Folkloric Materials II",64,17,0,3,False,6,300,404,1330,1730,96,0,0,0,403,0,0,0,5223,9000
405,"A-3: Folkloric Materials III",64,17,0,4,False,6,180,405,1800,2250,97,0,0,0,404,0,0,0,5223,9000
406," Hub Vicinity Survey",54,18,0,0,False,1,180,406,1550,1700,98,0,0,0,0,0,1,0,5220,0
407," Eastern Vicinity Survey",60,18,0,0,False,1,180,407,1550,1700,99,0,0,0,0,0,1,0,5220,0
408," Productivity Review",50,18,0,0,False,1,150,408,420,520,100,0,0,0,0,0,1,0,5220,0
409," Hydrofication Materials",62,18,0,0,False,1,150,409,420,520,101,0,0,0,0,0,1,0,5220,0
410," Multi-purpose Fiberboard Materials",51,18,0,0,False,1,150,410,1550,1700,102,0,0,0,0,0,1,0,5220,0
411," Air Filter Materials",63,18,0,0,False,1,150,411,1550,1700,103,0,0,0,0,0,1,0,5220,0
412," Central Radius Survey",54,18,0,0,False,2,180,412,1550,1900,104,0,0,0,0,0,1,0,5227,0
413," Processing Fibers",50,18,0,0,False,2,150,413,420,770,105,0,0,0,0,0,1,0,5220,0
414," Thin Fiberboard Materials",51,18,0,0,False,2,150,414,1550,1900,106,0,0,0,0,0,1,0,5227,0
415," Sustained Productivity Review",52,18,0,0,False,2,150,415,850,1050,107,0,0,0,0,0,1,0,5220,0
416," Material Collection Appraisal",53,18,0,0,False,2,150,416,2000,2600,108,0,0,0,0,0,1,0,5220,0
417," Branch Collection",60,18,0,0,False,2,150,417,2850,3550,109,0,0,0,0,0,1,0,5227,0
418," Water Filter Materials",62,18,0,3,False,2,180,418,120,140,110,0,0,0,0,0,1,0,5227,0
419," Outer Sector Survey",54,18,0,0,False,3,180,419,1550,1950,111,0,0,0,0,0,1,0,5222,0
420," Insulation Materials",50,18,0,0,False,3,150,420,420,820,112,0,0,0,0,0,1,0,5222,0
421," Thick Fiberboard Materials",51,18,0,0,False,3,150,421,1550,1950,113,0,0,0,0,0,1,0,5222,0
422," Blue Fiber Collection Appraisal",52,18,0,0,False,3,150,422,850,1050,114,0,0,0,0,0,1,0,5222,0
423," Technique Appraisal",53,18,0,0,False,3,150,423,2000,2600,115,0,0,0,0,0,1,0,5222,0
424," Energization Materials",61,18,0,0,False,3,150,424,2850,3550,116,0,0,0,0,0,1,0,5222,0
425," Fine-grade Processing Materials",58,18,0,3,False,3,180,425,130,150,117,0,0,0,0,0,1,0,5222,0
426," Stellar Repair Materials",55,18,0,4,False,3,180,426,200,600,118,0,0,0,0,0,1,0,5222,0
427,"A-1: Tanning Agents",49,18,0,0,False,4,180,427,2800,3200,119,0,0,0,0,0,0,0,5222,10200
428,"A-1: Experimental Cultivars",50,18,0,0,False,4,180,428,600,900,120,0,0,0,0,0,0,0,5227,10200
429,"A-1: Fiberboard Materials",51,18,0,0,False,4,180,429,3000,3400,121,0,0,0,0,0,0,0,5220,10200
430,"A-1: Fungi Collection",52,18,0,0,False,4,180,430,2350,2950,122,0,0,0,0,0,0,0,5220,10200
431,"A-1: Fiber Collection Appraisal",53,18,0,0,False,4,180,431,4000,5200,123,0,0,0,0,0,0,0,5227,10200
432,"A-2: Precise Survey",54,18,0,0,False,5,180,432,2850,3250,124,0,0,0,0,0,0,0,5227,10100
433,"A-2: Alchemical Refinement Materials",55,18,0,4,False,5,180,433,1750,1950,125,0,0,0,0,0,0,0,5220,10100
434,"A-2: Southwestern Survey",56,18,0,3,False,5,300,434,1160,1680,126,0,0,0,0,0,0,0,5233,10100
435,"A-2: Precise Lunar Nadir Survey",57,18,0,3,False,5,180,435,900,1100,127,0,0,13,0,0,0,0,5236,10100
436,"A-3: Rare Material Extraction",58,18,0,4,False,6,300,436,900,1300,128,0,0,14,0,0,0,0,5222,10000
437,"A-3: Supplemental Processing Materials",59,18,0,3,False,6,300,437,1310,1680,129,0,0,13,0,0,0,0,5220,10000
438,"A-1: Hub Vicinity Gathering I",60,18,0,0,False,4,180,438,2800,3200,130,0,0,0,0,0,0,0,5227,10200
439,"A-2: Hub Vicinity Gathering II",60,18,0,0,False,5,180,439,2350,2950,131,0,0,0,438,0,0,0,5220,10100
440,"A-1: High-grade Energization Materials I",61,18,0,0,False,4,180,440,600,900,132,0,0,0,0,0,0,0,5220,10200
441,"A-2: High-grade Energization Materials II",61,18,0,0,False,5,180,441,4200,5400,133,0,0,0,440,0,0,0,5222,10100
442,"A-3: High-grade Energization Materials III",61,18,0,3,False,6,180,442,900,1200,134,0,0,0,441,0,0,0,5222,10000
443,"A-2: Fine-grade Water Filter Materials I",62,18,0,0,False,5,180,443,3000,3400,135,0,0,0,0,0,0,0,5220,10100
444,"A-3: Fine-grade Water Filter Materials II",62,18,0,4,False,6,180,444,1750,2100,136,0,0,0,443,0,0,0,5236,10000
445,"A-1: Fine-grade Air Filter Materials I",63,18,0,0,False,4,180,445,3000,3400,137,0,0,6,0,0,0,0,5227,10200
446,"A-3: Fine-grade Air Filter Materials III",63,18,0,0,False,6,180,446,7000,7950,138,0,0,0,447,0,0,0,5236,10100
447,"A-2: Fine-grade Air Filter Materials II",63,18,0,3,False,5,180,447,900,1100,139,0,0,0,445,0,0,0,5233,10000
448,"A-3: Folkloric Materials I",64,18,0,4,False,6,300,448,900,1300,140,0,0,12,0,0,0,0,5233,10000
449,"A-3: Folkloric Materials II",64,18,0,3,False,6,300,449,1330,1730,141,0,0,0,448,0,0,0,5233,10000
450,"A-3: Folkloric Materials III",64,18,0,4,False,6,180,450,1800,2250,142,0,0,0,449,0,0,0,5233,10000
451," Lunch Emergency",67,19,0,0,False,1,180,451,500,700,8,0,0,0,0,5,1,0,5206,0
452," Large Aquatic Specimens",69,19,0,0,False,1,180,452,630,1280,9,0,0,0,0,6,1,0,5207,0
453," Western Water Inspection",65,19,0,0,False,1,360,453,700,900,10,0,0,0,0,7,1,0,5208,0
454," Aquatic Foodstuffs",73,19,0,0,False,1,300,454,1300,1500,11,0,0,0,0,8,1,0,5209,0
455," Weeping Pool Ecological Survey",66,19,0,0,False,1,240,455,1000,1200,12,0,0,0,0,9,1,0,5206,0
456," Assorted Alchemical Materials",71,19,0,0,False,1,180,456,5200,5500,13,0,0,0,0,10,1,0,5207,0
457," Big Fish",69,19,0,0,False,2,180,457,2040,3690,14,0,0,0,0,11,1,0,5209,0
458," Environmental Inspection",65,19,0,0,False,2,450,458,1500,1900,15,0,0,0,0,12,1,0,5206,0
459," Polarized Dyes",73,19,0,0,False,2,300,459,1500,2000,16,0,0,0,0,13,1,0,5208,0
460," Southeast Well Ecological Survey",68,19,0,0,False,2,360,460,3000,4000,17,0,0,0,0,14,1,0,5209,0
461," Fish Sauce Ingredients",71,19,0,0,False,2,360,461,31000,37000,18,0,0,0,0,15,1,0,5206,0
462," Aquatic Samples",74,19,0,3,False,2,360,462,300,1000,19,0,0,0,0,16,1,0,5208,0
463," Northwestern Water Inspection",66,19,0,0,False,2,600,463,500,1000,20,0,0,0,0,17,1,0,5207,0
464," Hollow Harbor Water Inspection",65,19,0,0,False,3,300,464,600,1100,21,0,0,0,0,18,1,0,5210,0
465," Preserved Foodstuffs",73,19,0,0,False,3,300,465,3500,3700,22,0,0,0,0,19,1,0,5206,0
466," Hollow Harbor Ecological Survey",68,19,0,0,False,3,300,466,4000,5000,23,0,0,0,0,20,1,0,5210,0
467," Absolute Specimen",72,19,0,0,False,3,300,467,5540,6280,24,0,0,0,0,21,1,0,5207,0
468," Aetherochemical Creatures",74,19,0,11,False,3,330,468,3800,4500,25,0,0,0,0,22,1,0,5211,0
469," Westward Ecological Survey",66,19,0,0,False,3,400,469,1500,2100,26,0,0,0,0,23,1,0,5208,0
470," Supper Emergency",67,19,0,0,False,3,360,470,700,1100,27,0,0,0,0,24,1,0,5209,0
471," Alchemical Resources",71,19,0,10,False,3,360,471,44000,50000,28,0,0,0,0,25,1,0,5211,0
472,"A-1: Northward Ecological Survey",65,19,0,0,False,4,420,472,2000,2300,29,0,0,0,0,26,0,0,5207,11200
473,"A-1: Rare Aquatic Specimens",70,19,0,3,False,4,300,473,3000,3500,30,0,0,0,0,27,0,0,5208,11200
474,"A-1: Foodstuff Emergency",67,19,0,0,False,4,360,474,300,450,31,0,0,0,0,28,0,0,5210,11200
475,"A-1: Precise Water Survey",73,19,0,10,False,4,300,475,7200,7700,32,0,0,0,0,29,0,0,5211,11200
476,"A-1: Fine-grade Aquatic Processing Materials",74,19,0,3,False,4,300,476,10000,15000,33,0,0,0,0,30,0,0,5210,11200
477,"A-2: Large Aquatic Specimens",69,19,0,0,False,5,300,477,10240,10260,34,0,0,0,0,31,0,0,5206,11100
478,"A-2: Assorted Alchemical Materials",71,19,0,0,False,5,180,478,34000,36000,35,0,0,0,0,32,0,0,5209,11100
479,"A-2: Aetherial Falls Experiment",70,19,0,11,False,5,300,479,2250,2650,36,0,0,0,0,33,0,0,5214,11100
480,"A-2: Foodstuff Emergency",67,19,0,10,False,5,300,480,300,500,37,0,0,14,0,34,0,0,5212,11100
481,"A-3: Palus Arsenici Ecological Survey",65,19,0,10,False,6,300,481,1600,2000,38,0,0,13,0,35,0,0,5211,11000
482,"A-3: Large Aquatic Specimens",69,19,0,0,False,6,240,482,8500,8550,39,0,0,14,0,36,0,0,5210,11000
483,"A-1: Aquatic Inspection I",75,19,0,10,False,4,480,483,5000,6000,40,0,0,0,0,37,0,0,5211,11200
484,"A-2: Aquatic Inspection II",75,19,0,0,False,5,540,484,2100,3100,41,0,0,0,483,38,0,0,5209,11100
485,"A-1: Fine-grade Water Filter Materials I",76,19,0,0,False,4,180,485,6500,6540,42,0,0,0,0,39,0,0,5208,11200
486,"A-2: Fine-grade Water Filter Materials II",76,19,0,0,False,5,300,486,900,1200,43,0,0,0,485,40,0,0,5206,11100
487,"A-3: Fine-grade Water Filter Materials III",76,19,0,0,False,6,270,487,9600,12300,44,0,0,0,486,41,0,0,5210,11000
488,"A-2: Coexisting Species I",77,19,0,0,False,5,300,488,12200,12900,45,0,0,0,0,42,0,0,5207,11100
489,"A-3: Coexisting Species II",77,19,0,11,False,6,300,489,3050,3450,46,0,0,0,488,43,0,0,5212,11000
490,"A-1: Aetherochemical Samples I",78,19,0,10,False,4,300,490,4830,9240,47,0,0,4,0,44,0,0,5211,11200
491,"A-2: Aetherochemical Samples II",78,19,0,10,False,5,480,491,5000,6000,48,0,0,0,490,45,0,0,5213,11100
492,"A-3: Aetherochemical Samples III",78,19,0,10,False,6,300,492,11640,23140,49,0,0,0,491,46,0,0,5214,11000
493,"A-3: Unidentified Aquatic Specimens I",79,19,0,10,False,6,240,493,300,800,50,0,0,10,0,47,0,0,5214,11000
494,"A-3: Unidentified Aquatic Specimens II",79,19,0,10,False,6,510,494,1600,2300,51,0,0,0,493,48,0,0,5211,11000
495,"A-3: Unidentified Aquatic Specimens III",79,19,0,10,False,6,480,495,8000,20000,52,0,0,0,494,49,0,0,5213,11000
496,"A-2: Aquatic Resource Research Tanks",81,17,9,0,False,5,600,496,1800,2700,503,0,0,0,0,458,0,362,5230,20100
497,"A-2: Impact-resistant Containers",81,17,11,0,False,5,600,497,1800,2700,504,0,0,0,0,459,0,363,5220,20100
498,"A-2: Soothing Censers",83,17,12,0,False,5,600,498,1800,2700,505,0,0,0,0,460,0,364,5221,20100
499,"A-3: Automaton Digging",82,17,10,0,False,6,600,499,1800,2700,506,0,0,13,0,461,0,365,5220,20000
500,"A-3: Lunar Leather",84,17,13,0,False,6,600,500,1800,2700,507,0,0,14,0,462,0,366,5226,20000
501,"A-3: High-quality Floor Tiling",83,17,14,0,False,6,600,501,1800,2700,508,0,0,13,0,463,0,367,5232,20000
502,"A-2: Lunar Tanning Agents",84,18,13,0,False,5,600,502,1800,2700,509,0,0,0,0,464,0,368,5220,20100
503,"A-2: Special Spongoi Processing",84,18,14,0,False,5,600,503,1800,2700,510,0,0,0,0,465,0,369,5222,20100
504,"A-2: Freshness Preservation",86,18,16,0,False,5,600,504,1800,2700,511,0,0,0,0,466,0,370,5220,20100
505,"A-3: Lunar Tools",82,18,9,0,False,6,600,505,1800,2700,512,0,0,14,0,467,0,371,5227,20000
506,"A-3: High Burn Furnace",82,18,11,0,False,6,600,506,1800,2700,513,0,0,13,0,468,0,372,5222,20000
507,"A-3: Mushroom-borne Comfort",83,18,15,0,False,6,600,507,1800,2700,514,0,0,14,0,469,0,373,5220,20000
508,"A-2: Processed Aquatic Metals",85,19,10,0,False,5,630,508,1800,2700,515,0,0,0,0,454,0,374,5209,20100
509,"A-2: Refined Moon Gel",85,19,15,0,False,5,630,509,1800,2700,516,0,0,0,0,455,0,375,5208,20100
510,"A-3: Crystallic Gems",85,19,12,10,False,6,630,510,1800,2700,517,0,0,13,0,456,0,376,5211,20000
511,"A-3: Eel Rations",86,19,16,0,False,6,630,511,1800,2700,518,0,0,14,0,457,0,377,5210,20000
512," Work Ladders",87,9,0,0,True,1,1200,512,0,0,519,520,0,0,0,414,1,378,5223,24000
513," Kindling",95,9,0,0,True,1,1200,513,0,0,521,522,0,0,0,415,1,379,5222,24000
514," Fungal Building Materials",98,9,0,0,True,1,1200,514,0,0,523,524,0,0,0,416,1,380,5222,24500
515," Meteorite Drills",91,10,0,0,True,1,1200,515,0,0,525,526,0,0,0,419,1,383,5220,24000
516," Vacuum Muzzles",93,10,0,0,True,1,1200,516,0,0,529,530,0,0,0,423,1,387,5224,24000
517," Flamethrower Parts",97,10,0,0,True,1,1200,517,0,0,527,528,0,0,0,420,1,384,5222,24000
518," Spare Vacuum Tanks",89,11,0,0,True,1,1200,518,0,0,531,532,0,0,0,424,1,388,5220,24000
519," Vehicular Plating",92,11,0,0,True,1,1200,519,0,0,533,534,0,0,0,426,1,390,5220,24500
520," Gas Tanks",93,11,0,0,True,1,1200,520,0,0,535,536,0,0,0,428,1,392,5224,24000
521," Lighting Repair Tools",87,12,0,0,True,1,1200,521,0,0,537,538,0,0,0,429,1,393,5223,24000
522," Intricate Vacuum Parts",89,12,0,0,True,1,1200,522,0,0,541,542,0,0,0,432,1,396,5220,24000
523," Spare Vehicle Parts",92,12,0,0,True,1,1200,523,0,0,539,540,0,0,0,430,1,394,5220,24500
524," Impenetrable Gloves",91,13,0,0,True,1,1200,524,0,0,543,544,0,0,0,434,1,398,5220,24000
525," Reinforced Gas Masks",93,13,0,0,True,1,1200,525,0,0,545,546,0,0,0,436,1,400,5224,24000
526," Flame-resistant Workboots",95,13,0,0,True,1,1200,526,0,0,547,548,0,0,0,437,1,401,5222,24000
527," Spare Cloth",87,14,0,0,True,1,1200,527,0,0,551,552,0,0,0,440,1,404,5223,24000
528," Flame-resistant Work Cloth",95,14,0,0,True,1,1200,528,0,0,553,554,0,0,0,441,1,405,5222,24000
529," Fungal Cloth",98,14,0,0,True,1,1200,529,0,0,549,550,0,0,0,439,1,403,5222,24500
530," Aether-resistant Agent",89,15,0,0,True,1,1200,530,0,0,555,556,0,0,0,444,1,408,5220,24000
531," Gas Poisoning Antidote",94,15,0,0,True,1,1200,531,0,0,559,560,0,0,0,448,1,412,5224,24500
532," Flamethrower Fuel",97,15,0,0,True,1,1200,532,0,0,557,558,0,0,0,447,1,411,5222,24000
533," Cured Foodstuffs",88,16,0,0,True,1,1200,533,0,0,561,562,0,0,0,449,1,413,5220,24500
534," Nutrient Supplement Jelly",94,16,0,0,True,1,1200,534,0,0,563,564,0,0,0,450,1,414,5224,24500
535," Irregular Spongoi Analysis",96,16,0,0,True,1,1200,535,0,0,565,566,0,0,0,451,1,415,5220,24500
536," Insulating Material",88,17,0,0,True,1,1200,536,0,0,567,568,0,0,0,0,1,0,5220,24500
537," Fallen Drone Salvage",90,17,0,0,True,1,1200,537,0,0,569,570,0,0,0,0,1,0,5220,24500
538," Rare Siderite Extraction",91,17,0,0,True,1,1200,538,0,0,571,572,0,0,0,0,1,0,5220,24000
539," Medicinal Sclerotia",94,18,0,0,True,1,1200,539,0,0,577,578,0,0,0,0,1,0,5224,24500
540," Sporing Mist Analysis",96,18,0,0,True,1,1200,540,0,0,575,576,0,0,0,0,1,0,5220,24500
541," Mutated Spongoi",98,18,0,0,True,1,1200,541,0,0,573,574,0,0,0,0,1,0,5222,24500
542," Edible Fish",88,19,0,0,True,1,1200,542,0,0,579,580,0,0,0,411,1,0,5208,24500
543," Sunken Drone Salvage",90,19,0,0,True,1,1200,543,0,0,581,582,0,0,0,410,1,0,5207,24500
544," Mutated Fish",96,19,0,0,True,1,1200,544,0,0,583,584,0,0,0,413,1,0,5206,24500
